{
  "366 /prweb/p_loginURL%5B*/!TABTHREAD0?pzTransactionId=&pzFromFrame=&pzPrimaryPageName=pyDisplayHarness&AJAXTrackID=1" : {
    "transaction" : "366 /prweb/p_loginURL%5B*/!TABTHREAD0?pzTransactionId=&pzFromFrame=&pzPrimaryPageName=pyDisplayHarness&AJAXTrackID=1",
    "sampleCount" : 551,
    "errorCount" : 0,
    "errorPct" : 0.0,
    "meanResTime" : 249.3593466424682,
    "minResTime" : 77.0,
    "maxResTime" : 1223.0,
    "pct1ResTime" : 378.6,
    "pct2ResTime" : 455.5999999999999,
    "pct3ResTime" : 622.9600000000005,
    "throughput" : 0.285607358821328,
    "receivedKBytesPerSec" : 1.0474561199410954,
    "sentKBytesPerSec" : 0.6801742004030641
  },
  "111 /prweb/sJz4q7ugfgSxRrrdfjkitr-oF3eqH0KG*/!STANDARD" : {
    "transaction" : "111 /prweb/sJz4q7ugfgSxRrrdfjkitr-oF3eqH0KG*/!STANDARD",
    "sampleCount" : 1436,
    "errorCount" : 0,
    "errorPct" : 0.0,
    "meanResTime" : 3926.2116991643397,
    "minResTime" : 1465.0,
    "maxResTime" : 17333.0,
    "pct1ResTime" : 4483.3,
    "pct2ResTime" : 4662.699999999997,
    "pct3ResTime" : 5054.5199999999995,
    "throughput" : 0.7357597693116444,
    "receivedKBytesPerSec" : 7.0532598879567505,
    "sentKBytesPerSec" : 1.6645259844629672
  },
  "357 /prweb/p_loginURL%5B*/!TABTHREAD0" : {
    "transaction" : "357 /prweb/p_loginURL%5B*/!TABTHREAD0",
    "sampleCount" : 554,
    "errorCount" : 0,
    "errorPct" : 0.0,
    "meanResTime" : 5778.705776173278,
    "minResTime" : 2889.0,
    "maxResTime" : 23666.0,
    "pct1ResTime" : 9471.5,
    "pct2ResTime" : 10585.25,
    "pct3ResTime" : 11810.500000000004,
    "throughput" : 0.28504687323132016,
    "receivedKBytesPerSec" : 11.161679666195448,
    "sentKBytesPerSec" : 0.3022186440399992
  },
  "356 /prweb/p_loginURL%5B*/!STANDARD" : {
    "transaction" : "356 /prweb/p_loginURL%5B*/!STANDARD",
    "sampleCount" : 554,
    "errorCount" : 0,
    "errorPct" : 0.0,
    "meanResTime" : 40.409747292418764,
    "minResTime" : 5.0,
    "maxResTime" : 1105.0,
    "pct1ResTime" : 81.0,
    "pct2ResTime" : 131.5,
    "pct3ResTime" : 221.70000000000118,
    "throughput" : 0.285866728312055,
    "receivedKBytesPerSec" : 0.7405849822055702,
    "sentKBytesPerSec" : 0.21487120307451216
  },
  "370 /prweb/wPnkzmKNqOMVOdYA78l0keYXaXjzZutNzmr9BRMsnFQ%5B*/!STANDARD" : {
    "transaction" : "370 /prweb/wPnkzmKNqOMVOdYA78l0keYXaXjzZutNzmr9BRMsnFQ%5B*/!STANDARD",
    "sampleCount" : 551,
    "errorCount" : 0,
    "errorPct" : 0.0,
    "meanResTime" : 319.8566243194193,
    "minResTime" : 143.0,
    "maxResTime" : 1536.0,
    "pct1ResTime" : 456.8,
    "pct2ResTime" : 522.5999999999999,
    "pct3ResTime" : 835.4000000000001,
    "throughput" : 0.2856107638455131,
    "receivedKBytesPerSec" : 1.638078140688182,
    "sentKBytesPerSec" : 0.6489006050892105
  },
  "128 /prweb/wPnkzmKNqONNXZgna6AB2m5AdvZEjcNj*/!STANDARD?pzTransactionId=&pzFromFrame=&pzPrimaryPageName=pyDisplayHarness&AJAXTrackID=1" : {
    "transaction" : "128 /prweb/wPnkzmKNqONNXZgna6AB2m5AdvZEjcNj*/!STANDARD?pzTransactionId=&pzFromFrame=&pzPrimaryPageName=pyDisplayHarness&AJAXTrackID=1",
    "sampleCount" : 1431,
    "errorCount" : 0,
    "errorPct" : 0.0,
    "meanResTime" : 44.059399021663125,
    "minResTime" : 21.0,
    "maxResTime" : 3028.0,
    "pct1ResTime" : 57.59999999999991,
    "pct2ResTime" : 98.39999999999986,
    "pct3ResTime" : 230.88000000000102,
    "throughput" : 0.7374528656305223,
    "receivedKBytesPerSec" : 4.9914367046356976,
    "sentKBytesPerSec" : 1.360960027645464
  },
  "S01_LoginManager_T01_HomePage" : {
    "transaction" : "S01_LoginManager_T01_HomePage",
    "sampleCount" : 556,
    "errorCount" : 0,
    "errorPct" : 0.0,
    "meanResTime" : 151.00719424460414,
    "minResTime" : 93.0,
    "maxResTime" : 1151.0,
    "pct1ResTime" : 204.3,
    "pct2ResTime" : 278.0,
    "pct3ResTime" : 440.32999999999845,
    "throughput" : 0.28554334121658925,
    "receivedKBytesPerSec" : 1.648918708417109,
    "sentKBytesPerSec" : 0.29454531090713937
  },
  "367 /prweb/wPnkzmKNqOMVOdYA78l0keYXaXjzZutNzmr9BRMsnFQ%5B*/!TABTHREAD0?pzTransactionId=&pzFromFrame=&pzPrimaryPageName=pyDisplayHarness&AJAXTrackID=1" : {
    "transaction" : "367 /prweb/wPnkzmKNqOMVOdYA78l0keYXaXjzZutNzmr9BRMsnFQ%5B*/!TABTHREAD0?pzTransactionId=&pzFromFrame=&pzPrimaryPageName=pyDisplayHarness&AJAXTrackID=1",
    "sampleCount" : 551,
    "errorCount" : 0,
    "errorPct" : 0.0,
    "meanResTime" : 47.143375680580746,
    "minResTime" : 12.0,
    "maxResTime" : 1164.0,
    "pct1ResTime" : 89.80000000000001,
    "pct2ResTime" : 110.39999999999998,
    "pct3ResTime" : 204.2800000000002,
    "throughput" : 0.2856572579495408,
    "receivedKBytesPerSec" : 0.7966238024169403,
    "sentKBytesPerSec" : 0.6286850345212389
  },
  "204 /prweb/wPnkzmKNqONCZWEUa4Rn_g%5B%5B*/!STANDARD?pzTransactionId=&pzFromFrame=&pzPrimaryPageName=pyDisplayHarness&AJAXTrackID=1" : {
    "transaction" : "204 /prweb/wPnkzmKNqONCZWEUa4Rn_g%5B%5B*/!STANDARD?pzTransactionId=&pzFromFrame=&pzPrimaryPageName=pyDisplayHarness&AJAXTrackID=1",
    "sampleCount" : 1624,
    "errorCount" : 0,
    "errorPct" : 0.0,
    "meanResTime" : 48.63793103448267,
    "minResTime" : 23.0,
    "maxResTime" : 1069.0,
    "pct1ResTime" : 85.5,
    "pct2ResTime" : 117.75,
    "pct3ResTime" : 216.0,
    "throughput" : 0.8357697083915088,
    "receivedKBytesPerSec" : 6.092113335248639,
    "sentKBytesPerSec" : 1.5317301639143048
  },
  "S17_LoginAsJudge_T03_Logout" : {
    "transaction" : "S17_LoginAsJudge_T03_Logout",
    "sampleCount" : 1431,
    "errorCount" : 0,
    "errorPct" : 0.0,
    "meanResTime" : 430.00349406009786,
    "minResTime" : 211.0,
    "maxResTime" : 2353.0,
    "pct1ResTime" : 603.8,
    "pct2ResTime" : 688.0,
    "pct3ResTime" : 1320.0400000000002,
    "throughput" : 0.7372735305406931,
    "receivedKBytesPerSec" : 12.786842766018697,
    "sentKBytesPerSec" : 4.0623789444584695
  },
  "371 /prweb/sJz4q7ugfgSxRrrdfjkitr-oF3eqH0KG*/!STANDARD" : {
    "transaction" : "371 /prweb/sJz4q7ugfgSxRrrdfjkitr-oF3eqH0KG*/!STANDARD",
    "sampleCount" : 551,
    "errorCount" : 0,
    "errorPct" : 0.0,
    "meanResTime" : 161.27767695099809,
    "minResTime" : 94.0,
    "maxResTime" : 3123.0,
    "pct1ResTime" : 213.8,
    "pct2ResTime" : 270.79999999999995,
    "pct3ResTime" : 1148.3200000000002,
    "throughput" : 0.28576644531436385,
    "receivedKBytesPerSec" : 1.676366247073617,
    "sentKBytesPerSec" : 0.665858143086008
  },
  "104 /prweb/" : {
    "transaction" : "104 /prweb/",
    "sampleCount" : 1436,
    "errorCount" : 0,
    "errorPct" : 0.0,
    "meanResTime" : 163.38022284122582,
    "minResTime" : 93.0,
    "maxResTime" : 13792.0,
    "pct1ResTime" : 212.0,
    "pct2ResTime" : 283.4499999999996,
    "pct3ResTime" : 401.25999999999976,
    "throughput" : 0.7370588682142849,
    "receivedKBytesPerSec" : 4.256597368184002,
    "sentKBytesPerSec" : 0.7609185065229196
  },
  "S02_LoginAsClerk_T02_Login" : {
    "transaction" : "S02_LoginAsClerk_T02_Login",
    "sampleCount" : 1628,
    "errorCount" : 0,
    "errorPct" : 0.0,
    "meanResTime" : 5150.729115479117,
    "minResTime" : 3289.0,
    "maxResTime" : 19123.0,
    "pct1ResTime" : 5802.200000000001,
    "pct2ResTime" : 6048.55,
    "pct3ResTime" : 6618.1,
    "throughput" : 0.8342386291430095,
    "receivedKBytesPerSec" : 41.51878978550894,
    "sentKBytesPerSec" : 10.179077226002828
  },
  "129 /prweb/PRPushServlet/!@7be12a6f7babe3503a1c92e0e5ce4d46!" : {
    "transaction" : "129 /prweb/PRPushServlet/!@7be12a6f7babe3503a1c92e0e5ce4d46!",
    "sampleCount" : 1431,
    "errorCount" : 0,
    "errorPct" : 0.0,
    "meanResTime" : 235.0489168413695,
    "minResTime" : 100.0,
    "maxResTime" : 1752.0,
    "pct1ResTime" : 377.0,
    "pct2ResTime" : 466.0,
    "pct3ResTime" : 789.0400000000018,
    "throughput" : 0.7374752886512294,
    "receivedKBytesPerSec" : 1.765907624778139,
    "sentKBytesPerSec" : 0.6336087903601518
  },
  "155 /prweb/wPnkzmKNqONNXZgna6AB2m5AdvZEjcNj*/!TABTHREAD0?pyActivity=pzCancelFunctionalTestCase&pzTransactionId=&pzFromFrame=&pzPrimaryPageName=pyDisplayHarness&pzHarnessID=HID407EFB9677033BAFDD6B62C1E56FE252" : {
    "transaction" : "155 /prweb/wPnkzmKNqONNXZgna6AB2m5AdvZEjcNj*/!TABTHREAD0?pyActivity=pzCancelFunctionalTestCase&pzTransactionId=&pzFromFrame=&pzPrimaryPageName=pyDisplayHarness&pzHarnessID=HID407EFB9677033BAFDD6B62C1E56FE252",
    "sampleCount" : 1431,
    "errorCount" : 0,
    "errorPct" : 0.0,
    "meanResTime" : 85.06429070580006,
    "minResTime" : 27.0,
    "maxResTime" : 1134.0,
    "pct1ResTime" : 124.0,
    "pct2ResTime" : 172.39999999999986,
    "pct3ResTime" : 311.0,
    "throughput" : 0.7374505853997152,
    "receivedKBytesPerSec" : 6.527435446179506,
    "sentKBytesPerSec" : 0.8698022069664602
  },
  "158 /prweb/p_HomeRedirectURL*/!STANDARD" : {
    "transaction" : "158 /prweb/p_HomeRedirectURL*/!STANDARD",
    "sampleCount" : 1628,
    "errorCount" : 0,
    "errorPct" : 0.0,
    "meanResTime" : 3938.6136363636388,
    "minResTime" : 2249.0,
    "maxResTime" : 17285.0,
    "pct1ResTime" : 4493.200000000001,
    "pct2ResTime" : 4653.599999999999,
    "pct3ResTime" : 5134.370000000002,
    "throughput" : 0.834247606534393,
    "receivedKBytesPerSec" : 10.30808671550363,
    "sentKBytesPerSec" : 1.8876691666978398
  },
  "127 /prweb/wPnkzmKNqONNXZgna6AB2m5AdvZEjcNj*/!TABTHREAD0" : {
    "transaction" : "127 /prweb/wPnkzmKNqONNXZgna6AB2m5AdvZEjcNj*/!TABTHREAD0",
    "sampleCount" : 1431,
    "errorCount" : 0,
    "errorPct" : 0.0,
    "meanResTime" : 647.337526205449,
    "minResTime" : 248.0,
    "maxResTime" : 2004.0,
    "pct1ResTime" : 851.0,
    "pct2ResTime" : 930.5999999999995,
    "pct3ResTime" : 1085.560000000001,
    "throughput" : 0.7373696463408225,
    "receivedKBytesPerSec" : 6.301817217961263,
    "sentKBytesPerSec" : 0.7552128219293527
  },
  "205 /prweb/PRPushServlet/!@c8f591ea4464927e19ca43999e191501!" : {
    "transaction" : "205 /prweb/PRPushServlet/!@c8f591ea4464927e19ca43999e191501!",
    "sampleCount" : 1625,
    "errorCount" : 0,
    "errorPct" : 0.0,
    "meanResTime" : 233.02523076923086,
    "minResTime" : 106.0,
    "maxResTime" : 1871.0,
    "pct1ResTime" : 382.0,
    "pct2ResTime" : 462.7999999999993,
    "pct3ResTime" : 842.2400000000007,
    "throughput" : 0.8355877061137766,
    "receivedKBytesPerSec" : 2.000840874405254,
    "sentKBytesPerSec" : 0.7104971131408894
  },
  "203 /prweb/wPnkzmKNqONCZWEUa4Rn_g%5B%5B*/!TABTHREAD0" : {
    "transaction" : "203 /prweb/wPnkzmKNqONCZWEUa4Rn_g%5B%5B*/!TABTHREAD0",
    "sampleCount" : 1625,
    "errorCount" : 0,
    "errorPct" : 0.0,
    "meanResTime" : 396.9649230769235,
    "minResTime" : 100.0,
    "maxResTime" : 1445.0,
    "pct1ResTime" : 550.0,
    "pct2ResTime" : 618.0,
    "pct3ResTime" : 740.48,
    "throughput" : 0.8355434528871754,
    "receivedKBytesPerSec" : 7.564198981202586,
    "sentKBytesPerSec" : 0.8059268519627815
  },
  "S17_LoginAsJudge_T01_HomePage" : {
    "transaction" : "S17_LoginAsJudge_T01_HomePage",
    "sampleCount" : 1436,
    "errorCount" : 0,
    "errorPct" : 0.0,
    "meanResTime" : 163.38022284122582,
    "minResTime" : 93.0,
    "maxResTime" : 13792.0,
    "pct1ResTime" : 212.0,
    "pct2ResTime" : 283.4499999999996,
    "pct3ResTime" : 401.25999999999976,
    "throughput" : 0.7370539501934253,
    "receivedKBytesPerSec" : 4.256568966063695,
    "sentKBytesPerSec" : 0.760913429298767
  },
  "146 /prweb/wPnkzmKNqONNXZgna6AB2m5AdvZEjcNj*/!TABTHREAD0?pzTransactionId=&pzFromFrame=&pzPrimaryPageName=pyDisplayHarness&AJAXTrackID=1" : {
    "transaction" : "146 /prweb/wPnkzmKNqONNXZgna6AB2m5AdvZEjcNj*/!TABTHREAD0?pzTransactionId=&pzFromFrame=&pzPrimaryPageName=pyDisplayHarness&AJAXTrackID=1",
    "sampleCount" : 1431,
    "errorCount" : 0,
    "errorPct" : 0.0,
    "meanResTime" : 257.57651991614216,
    "minResTime" : 97.0,
    "maxResTime" : 3429.0,
    "pct1ResTime" : 392.0,
    "pct2ResTime" : 449.39999999999986,
    "pct3ResTime" : 580.0,
    "throughput" : 0.7373008811028908,
    "receivedKBytesPerSec" : 3.918457138171267,
    "sentKBytesPerSec" : 1.6832486775856925
  },
  "243 /prweb/wPnkzmKNqONCZWEUa4Rn_g%5B%5B*/!TABTHREAD0?pyActivity=pzCancelFunctionalTestCase&pzTransactionId=&pzFromFrame=&pzPrimaryPageName=pyDisplayHarness&pzHarnessID=HIDF02D58DBC70AE17CC8B4D4F02D81E406" : {
    "transaction" : "243 /prweb/wPnkzmKNqONCZWEUa4Rn_g%5B%5B*/!TABTHREAD0?pyActivity=pzCancelFunctionalTestCase&pzTransactionId=&pzFromFrame=&pzPrimaryPageName=pyDisplayHarness&pzHarnessID=HIDF02D58DBC70AE17CC8B4D4F02D81E406",
    "sampleCount" : 1624,
    "errorCount" : 0,
    "errorPct" : 0.0,
    "meanResTime" : 98.34605911330064,
    "minResTime" : 29.0,
    "maxResTime" : 1295.0,
    "pct1ResTime" : 161.5,
    "pct2ResTime" : 212.75,
    "pct3ResTime" : 374.25,
    "throughput" : 0.8356316634421439,
    "receivedKBytesPerSec" : 7.779708898107222,
    "sentKBytesPerSec" : 0.9357631876337834
  },
  "143 /prweb/wPnkzmKNqONNXZgna6AB2m5AdvZEjcNj*/!TABTHREAD0?pzTransactionId=&pzFromFrame=&pzPrimaryPageName=pyDisplayHarness&AJAXTrackID=1" : {
    "transaction" : "143 /prweb/wPnkzmKNqONNXZgna6AB2m5AdvZEjcNj*/!TABTHREAD0?pzTransactionId=&pzFromFrame=&pzPrimaryPageName=pyDisplayHarness&AJAXTrackID=1",
    "sampleCount" : 1431,
    "errorCount" : 0,
    "errorPct" : 0.0,
    "meanResTime" : 846.5457721872802,
    "minResTime" : 207.0,
    "maxResTime" : 2129.0,
    "pct1ResTime" : 1078.6,
    "pct2ResTime" : 1154.0,
    "pct3ResTime" : 1276.0400000000002,
    "throughput" : 0.7372112396121991,
    "receivedKBytesPerSec" : 5.841566346564498,
    "sentKBytesPerSec" : 1.6139304734714717
  },
  "126 /prweb/wPnkzmKNqONNXZgna6AB2m5AdvZEjcNj*/!STANDARD" : {
    "transaction" : "126 /prweb/wPnkzmKNqONNXZgna6AB2m5AdvZEjcNj*/!STANDARD",
    "sampleCount" : 1431,
    "errorCount" : 0,
    "errorPct" : 0.0,
    "meanResTime" : 18.74004192872116,
    "minResTime" : 5.0,
    "maxResTime" : 1079.0,
    "pct1ResTime" : 22.0,
    "pct2ResTime" : 30.0,
    "pct3ResTime" : 204.76000000000045,
    "throughput" : 0.7375201387836638,
    "receivedKBytesPerSec" : 1.8804417114603207,
    "sentKBytesPerSec" : 0.5335347268070274
  },
  "154 /prweb/wPnkzmKNqONNXZgna6AB2m5AdvZEjcNj*/!TABTHREAD0?pzTransactionId=&pzFromFrame=&pzPrimaryPageName=pyDisplayHarness&AJAXTrackID=1" : {
    "transaction" : "154 /prweb/wPnkzmKNqONNXZgna6AB2m5AdvZEjcNj*/!TABTHREAD0?pzTransactionId=&pzFromFrame=&pzPrimaryPageName=pyDisplayHarness&AJAXTrackID=1",
    "sampleCount" : 1431,
    "errorCount" : 0,
    "errorPct" : 0.0,
    "meanResTime" : 27.532494758909866,
    "minResTime" : 12.0,
    "maxResTime" : 1068.0,
    "pct1ResTime" : 32.0,
    "pct2ResTime" : 56.0,
    "pct3ResTime" : 161.68000000000006,
    "throughput" : 0.7374669273654342,
    "receivedKBytesPerSec" : 2.032984739079202,
    "sentKBytesPerSec" : 1.5597563611675993
  },
  "363 /prweb/p_loginURL%5B*/!TABTHREAD0?pzTransactionId=&pzFromFrame=&pzPrimaryPageName=pyDisplayHarness&AJAXTrackID=1" : {
    "transaction" : "363 /prweb/p_loginURL%5B*/!TABTHREAD0?pzTransactionId=&pzFromFrame=&pzPrimaryPageName=pyDisplayHarness&AJAXTrackID=1",
    "sampleCount" : 554,
    "errorCount" : 0,
    "errorPct" : 0.0,
    "meanResTime" : 1522.799638989169,
    "minResTime" : 444.0,
    "maxResTime" : 6389.0,
    "pct1ResTime" : 3271.5,
    "pct2ResTime" : 4986.25,
    "pct3ResTime" : 5823.650000000002,
    "throughput" : 0.28565344256225983,
    "receivedKBytesPerSec" : 2.898352511333326,
    "sentKBytesPerSec" : 0.9704093011970633
  },
  "332 /prweb/" : {
    "transaction" : "332 /prweb/",
    "sampleCount" : 556,
    "errorCount" : 0,
    "errorPct" : 0.0,
    "meanResTime" : 151.00719424460414,
    "minResTime" : 93.0,
    "maxResTime" : 1151.0,
    "pct1ResTime" : 204.3,
    "pct2ResTime" : 278.0,
    "pct3ResTime" : 440.32999999999845,
    "throughput" : 0.28554876720996253,
    "receivedKBytesPerSec" : 1.6489500417409642,
    "sentKBytesPerSec" : 0.2945509079590556
  },
  "S02_LoginAsClerk_T03_Logout" : {
    "transaction" : "S02_LoginAsClerk_T03_Logout",
    "sampleCount" : 1624,
    "errorCount" : 0,
    "errorPct" : 0.0,
    "meanResTime" : 433.2167487684729,
    "minResTime" : 231.0,
    "maxResTime" : 1678.0,
    "pct1ResTime" : 606.5,
    "pct2ResTime" : 661.75,
    "pct3ResTime" : 1375.75,
    "throughput" : 0.8355190250357308,
    "receivedKBytesPerSec" : 14.85474735758748,
    "sentKBytesPerSec" : 4.508835218181594
  },
  "364 /prweb/p_loginURL%5B*/!TABTHREAD0?pzTransactionId=&pzFromFrame=&pzPrimaryPageName=pyDisplayHarness&AJAXTrackID=1" : {
    "transaction" : "364 /prweb/p_loginURL%5B*/!TABTHREAD0?pzTransactionId=&pzFromFrame=&pzPrimaryPageName=pyDisplayHarness&AJAXTrackID=1",
    "sampleCount" : 553,
    "errorCount" : 0,
    "errorPct" : 0.0,
    "meanResTime" : 4841.546112115729,
    "minResTime" : 2573.0,
    "maxResTime" : 16529.0,
    "pct1ResTime" : 8137.2,
    "pct2ResTime" : 9605.8,
    "pct3ResTime" : 10230.780000000002,
    "throughput" : 0.2849377181795932,
    "receivedKBytesPerSec" : 8.410103264965027,
    "sentKBytesPerSec" : 1.0358690069044583
  },
  "244 /prweb/wPnkzmKNqONCZWEUa4Rn_g%5B%5B*/!STANDARD" : {
    "transaction" : "244 /prweb/wPnkzmKNqONCZWEUa4Rn_g%5B%5B*/!STANDARD",
    "sampleCount" : 1624,
    "errorCount" : 0,
    "errorPct" : 0.0,
    "meanResTime" : 304.3965517241377,
    "minResTime" : 140.0,
    "maxResTime" : 1349.0,
    "pct1ResTime" : 457.0,
    "pct2ResTime" : 518.75,
    "pct3ResTime" : 726.75,
    "throughput" : 0.8355495461844352,
    "receivedKBytesPerSec" : 4.7921703952550665,
    "sentKBytesPerSec" : 1.7547818683175973
  },
  "229 /prweb/wPnkzmKNqONCZWEUa4Rn_g%5B%5B*/!TABTHREAD0?pzTransactionId=&pzFromFrame=&pzPrimaryPageName=pyDisplayHarness&AJAXTrackID=1" : {
    "transaction" : "229 /prweb/wPnkzmKNqONCZWEUa4Rn_g%5B%5B*/!TABTHREAD0?pzTransactionId=&pzFromFrame=&pzPrimaryPageName=pyDisplayHarness&AJAXTrackID=1",
    "sampleCount" : 1624,
    "errorCount" : 0,
    "errorPct" : 0.0,
    "meanResTime" : 238.1354679802957,
    "minResTime" : 80.0,
    "maxResTime" : 1624.0,
    "pct1ResTime" : 359.0,
    "pct2ResTime" : 426.75,
    "pct3ResTime" : 575.5,
    "throughput" : 0.8357021853817985,
    "receivedKBytesPerSec" : 4.8467325601201265,
    "sentKBytesPerSec" : 1.8751910031693901
  },
  "345 /prweb/p_HomeRedirectURL*/!STANDARD" : {
    "transaction" : "345 /prweb/p_HomeRedirectURL*/!STANDARD",
    "sampleCount" : 556,
    "errorCount" : 0,
    "errorPct" : 0.0,
    "meanResTime" : 3964.7949640287743,
    "minResTime" : 2190.0,
    "maxResTime" : 17374.0,
    "pct1ResTime" : 4552.7,
    "pct2ResTime" : 4723.9,
    "pct3ResTime" : 5096.699999999995,
    "throughput" : 0.2849340116402718,
    "receivedKBytesPerSec" : 3.557513818947241,
    "sentKBytesPerSec" : 0.6504035799127159
  },
  "S01_LoginManager_T02_Login" : {
    "transaction" : "S01_LoginManager_T02_Login",
    "sampleCount" : 556,
    "errorCount" : 0,
    "errorPct" : 0.0,
    "meanResTime" : 16419.406474820134,
    "minResTime" : 4429.0,
    "maxResTime" : 41278.0,
    "pct1ResTime" : 26510.800000000003,
    "pct2ResTime" : 29534.899999999998,
    "pct3ResTime" : 31621.759999999987,
    "throughput" : 0.28472520944714147,
    "receivedKBytesPerSec" : 29.75937543208075,
    "sentKBytesPerSec" : 4.361909653676079
  },
  "228 /prweb/wPnkzmKNqONCZWEUa4Rn_g%5B%5B*/!TABTHREAD0" : {
    "transaction" : "228 /prweb/wPnkzmKNqONCZWEUa4Rn_g%5B%5B*/!TABTHREAD0",
    "sampleCount" : 1624,
    "errorCount" : 0,
    "errorPct" : 0.0,
    "meanResTime" : 19.384236453201975,
    "minResTime" : 5.0,
    "maxResTime" : 1054.0,
    "pct1ResTime" : 26.0,
    "pct2ResTime" : 46.5,
    "pct3ResTime" : 156.0,
    "throughput" : 0.8357748698347544,
    "receivedKBytesPerSec" : 2.1211458150529023,
    "sentKBytesPerSec" : 0.8330840681316057
  },
  "Total" : {
    "transaction" : "Total",
    "sampleCount" : 41902,
    "errorCount" : 0,
    "errorPct" : 0.0,
    "meanResTime" : 679.6287050737446,
    "minResTime" : 5.0,
    "maxResTime" : 23666.0,
    "pct1ResTime" : 3302.7000000000044,
    "pct2ResTime" : 4025.9500000000007,
    "pct3ResTime" : 5118.900000000016,
    "throughput" : 21.455526710599752,
    "receivedKBytesPerSec" : 147.0399460901217,
    "sentKBytesPerSec" : 35.8408823324219
  },
  "146 /prweb/" : {
    "transaction" : "146 /prweb/",
    "sampleCount" : 1629,
    "errorCount" : 0,
    "errorPct" : 0.0,
    "meanResTime" : 151.9821976672803,
    "minResTime" : 92.0,
    "maxResTime" : 1233.0,
    "pct1ResTime" : 211.0,
    "pct2ResTime" : 272.5,
    "pct3ResTime" : 419.60000000000036,
    "throughput" : 0.8353871858067256,
    "receivedKBytesPerSec" : 4.824481991995873,
    "sentKBytesPerSec" : 0.8625121691079563
  },
  "358 /prweb/p_loginURL%5B*/!STANDARD?pzTransactionId=&pzFromFrame=&pzPrimaryPageName=pyDisplayHarness&AJAXTrackID=1" : {
    "transaction" : "358 /prweb/p_loginURL%5B*/!STANDARD?pzTransactionId=&pzFromFrame=&pzPrimaryPageName=pyDisplayHarness&AJAXTrackID=1",
    "sampleCount" : 554,
    "errorCount" : 0,
    "errorPct" : 0.0,
    "meanResTime" : 75.9386281588448,
    "minResTime" : 23.0,
    "maxResTime" : 1047.0,
    "pct1ResTime" : 157.5,
    "pct2ResTime" : 194.0,
    "pct3ResTime" : 265.2500000000002,
    "throughput" : 0.2858530106668579,
    "receivedKBytesPerSec" : 2.104498664965824,
    "sentKBytesPerSec" : 0.5367246825625536
  },
  "S02_LoginAsClerk_T01_HomePage" : {
    "transaction" : "S02_LoginAsClerk_T01_HomePage",
    "sampleCount" : 1629,
    "errorCount" : 0,
    "errorPct" : 0.0,
    "meanResTime" : 152.00122774708385,
    "minResTime" : 92.0,
    "maxResTime" : 1233.0,
    "pct1ResTime" : 211.0,
    "pct2ResTime" : 272.5,
    "pct3ResTime" : 419.60000000000036,
    "throughput" : 0.8353683364119058,
    "receivedKBytesPerSec" : 4.824373134010722,
    "sentKBytesPerSec" : 0.8624927076741581
  },
  "202 /prweb/wPnkzmKNqONCZWEUa4Rn_g%5B%5B*/!STANDARD" : {
    "transaction" : "202 /prweb/wPnkzmKNqONCZWEUa4Rn_g%5B%5B*/!STANDARD",
    "sampleCount" : 1625,
    "errorCount" : 0,
    "errorPct" : 0.0,
    "meanResTime" : 20.470769230769253,
    "minResTime" : 5.0,
    "maxResTime" : 1058.0,
    "pct1ResTime" : 24.0,
    "pct2ResTime" : 46.099999999999454,
    "pct3ResTime" : 189.0,
    "throughput" : 0.8356349720177988,
    "receivedKBytesPerSec" : 2.1207908383488574,
    "sentKBytesPerSec" : 0.5979224338871322
  },
  "156 /prweb/wPnkzmKNqONNXZgna6AB2m5AdvZEjcNj*/!STANDARD" : {
    "transaction" : "156 /prweb/wPnkzmKNqONNXZgna6AB2m5AdvZEjcNj*/!STANDARD",
    "sampleCount" : 1431,
    "errorCount" : 0,
    "errorPct" : 0.0,
    "meanResTime" : 317.4067085953874,
    "minResTime" : 143.0,
    "maxResTime" : 1391.0,
    "pct1ResTime" : 472.0,
    "pct2ResTime" : 539.0,
    "pct3ResTime" : 704.8000000000006,
    "throughput" : 0.7373468498131127,
    "receivedKBytesPerSec" : 4.228943407180089,
    "sentKBytesPerSec" : 1.6336006851696414
  },
  "S17_LoginAsJudge_T02_Login" : {
    "transaction" : "S17_LoginAsJudge_T02_Login",
    "sampleCount" : 1436,
    "errorCount" : 0,
    "errorPct" : 0.0,
    "meanResTime" : 5968.4630919220035,
    "minResTime" : 3526.0,
    "maxResTime" : 19225.0,
    "pct1ResTime" : 6701.2,
    "pct2ResTime" : 6985.0,
    "pct3ResTime" : 7851.829999999995,
    "throughput" : 0.7357522298006296,
    "receivedKBytesPerSec" : 31.613241337779186,
    "sentKBytesPerSec" : 8.207857546250944
  },
  "S01_LoginManager_T03_Logout" : {
    "transaction" : "S01_LoginManager_T03_Logout",
    "sampleCount" : 551,
    "errorCount" : 0,
    "errorPct" : 0.0,
    "meanResTime" : 733.3121597096185,
    "minResTime" : 402.0,
    "maxResTime" : 3767.0,
    "pct1ResTime" : 937.2,
    "pct2ResTime" : 1052.1999999999994,
    "pct3ResTime" : 1865.8000000000002,
    "throughput" : 0.28556754086958686,
    "receivedKBytesPerSec" : 5.855715720493125,
    "sentKBytesPerSec" : 2.6659835215284757
  },
  "369 /prweb/wPnkzmKNqOMVOdYA78l0keYXaXjzZutNzmr9BRMsnFQ%5B*/!TABTHREAD0?pyActivity=pzCancelFunctionalTestCase&pzTransactionId=&pzFromFrame=&pzPrimaryPageName=pyDisplayHarness&pzHarnessID=HID77A99FCD2DB2663A2907DAEC93922BFF" : {
    "transaction" : "369 /prweb/wPnkzmKNqOMVOdYA78l0keYXaXjzZutNzmr9BRMsnFQ%5B*/!TABTHREAD0?pyActivity=pzCancelFunctionalTestCase&pzTransactionId=&pzFromFrame=&pzPrimaryPageName=pyDisplayHarness&pzHarnessID=HID77A99FCD2DB2663A2907DAEC93922BFF",
    "sampleCount" : 551,
    "errorCount" : 0,
    "errorPct" : 0.0,
    "meanResTime" : 205.0344827586207,
    "minResTime" : 105.0,
    "maxResTime" : 1260.0,
    "pct1ResTime" : 300.20000000000005,
    "pct2ResTime" : 372.9999999999999,
    "pct3ResTime" : 505.9200000000005,
    "throughput" : 0.2856954714416007,
    "receivedKBytesPerSec" : 1.7470947677415074,
    "sentKBytesPerSec" : 0.7236228844729956
  },
  "240 /prweb/wPnkzmKNqONCZWEUa4Rn_g%5B%5B*/!TABTHREAD0?pzTransactionId=&pzFromFrame=&pzPrimaryPageName=pyDisplayHarness&AJAXTrackID=1" : {
    "transaction" : "240 /prweb/wPnkzmKNqONCZWEUa4Rn_g%5B%5B*/!TABTHREAD0?pzTransactionId=&pzFromFrame=&pzPrimaryPageName=pyDisplayHarness&AJAXTrackID=1",
    "sampleCount" : 1624,
    "errorCount" : 0,
    "errorPct" : 0.0,
    "meanResTime" : 257.9685960591138,
    "minResTime" : 84.0,
    "maxResTime" : 13803.0,
    "pct1ResTime" : 374.5,
    "pct2ResTime" : 440.0,
    "pct3ResTime" : 573.75,
    "throughput" : 0.8356342433033487,
    "receivedKBytesPerSec" : 6.5878178820646855,
    "sentKBytesPerSec" : 1.9705162919733832
  },
  "242 /prweb/wPnkzmKNqONCZWEUa4Rn_g%5B%5B*/!TABTHREAD0?pzTransactionId=&pzFromFrame=&pzPrimaryPageName=pyDisplayHarness&AJAXTrackID=1" : {
    "transaction" : "242 /prweb/wPnkzmKNqONCZWEUa4Rn_g%5B%5B*/!TABTHREAD0?pzTransactionId=&pzFromFrame=&pzPrimaryPageName=pyDisplayHarness&AJAXTrackID=1",
    "sampleCount" : 1624,
    "errorCount" : 0,
    "errorPct" : 0.0,
    "meanResTime" : 30.474137931034512,
    "minResTime" : 12.0,
    "maxResTime" : 1095.0,
    "pct1ResTime" : 35.0,
    "pct2ResTime" : 62.75,
    "pct3ResTime" : 184.5,
    "throughput" : 0.835692724430324,
    "receivedKBytesPerSec" : 2.284566623338263,
    "sentKBytesPerSec" : 1.818858448048112
  }
}