{
  "S103_PegaTaskTracker_T01_HomePage" : {
    "transaction" : "S103_PegaTaskTracker_T01_HomePage",
    "sampleCount" : 149,
    "errorCount" : 0,
    "errorPct" : 0.0,
    "meanResTime" : 284.2751677852349,
    "minResTime" : 74.0,
    "maxResTime" : 13847.0,
    "pct1ResTime" : 160.0,
    "pct2ResTime" : 177.0,
    "pct3ResTime" : 11681.5,
    "throughput" : 0.07303552810813964,
    "receivedKBytesPerSec" : 0.5678122662495472,
    "sentKBytesPerSec" : 0.127728404674911
  },
  "25 /prweb/" : {
    "transaction" : "25 /prweb/",
    "sampleCount" : 115,
    "errorCount" : 0,
    "errorPct" : 0.0,
    "meanResTime" : 115.99130434782612,
    "minResTime" : 76.0,
    "maxResTime" : 253.0,
    "pct1ResTime" : 158.0,
    "pct2ResTime" : 164.39999999999998,
    "pct3ResTime" : 250.28000000000006,
    "throughput" : 0.056788272579757895,
    "receivedKBytesPerSec" : 0.4416069417614043,
    "sentKBytesPerSec" : 0.09920924722330038
  },
  "88 /prweb/EGD_mG2bYLJOo_r9qtJ4CQ%5B%5B*/!TABTHREAD0" : {
    "transaction" : "88 /prweb/EGD_mG2bYLJOo_r9qtJ4CQ%5B%5B*/!TABTHREAD0",
    "sampleCount" : 111,
    "errorCount" : 4,
    "errorPct" : 3.6036036,
    "meanResTime" : 390.864864864865,
    "minResTime" : 0.0,
    "maxResTime" : 1379.0,
    "pct1ResTime" : 457.2,
    "pct2ResTime" : 509.99999999999983,
    "pct3ResTime" : 1281.9199999999964,
    "throughput" : 0.05652237675066605,
    "receivedKBytesPerSec" : 1.1389668670664987,
    "sentKBytesPerSec" : 0.19136273636283088
  },
  "108 /prweb/EGD_mG2bYLJOo_r9qtJ4CQ%5B%5B*/!STANDARD?pzTransactionId=&pzFromFrame=&pzPrimaryPageName=pyDisplayHarness&AJAXTrackID=1" : {
    "transaction" : "108 /prweb/EGD_mG2bYLJOo_r9qtJ4CQ%5B%5B*/!STANDARD?pzTransactionId=&pzFromFrame=&pzPrimaryPageName=pyDisplayHarness&AJAXTrackID=1",
    "sampleCount" : 110,
    "errorCount" : 0,
    "errorPct" : 0.0,
    "meanResTime" : 117.7181818181818,
    "minResTime" : 91.0,
    "maxResTime" : 181.0,
    "pct1ResTime" : 137.8,
    "pct2ResTime" : 148.34999999999997,
    "pct3ResTime" : 179.46,
    "throughput" : 0.056471651231082,
    "receivedKBytesPerSec" : 0.1461590012282584,
    "sentKBytesPerSec" : 0.19691480288826826
  },
  "S102_PegaTest_T02_Login" : {
    "transaction" : "S102_PegaTest_T02_Login",
    "sampleCount" : 114,
    "errorCount" : 4,
    "errorPct" : 3.508772,
    "meanResTime" : 2515.7982456140357,
    "minResTime" : 664.0,
    "maxResTime" : 58960.0,
    "pct1ResTime" : 1630.5,
    "pct2ResTime" : 2001.25,
    "pct3ResTime" : 55875.39999999988,
    "throughput" : 0.05628220489981027,
    "receivedKBytesPerSec" : 3.2826580579578346,
    "sentKBytesPerSec" : 0.5307891740191468
  },
  "S102_PegaTest_T03_Logout" : {
    "transaction" : "S102_PegaTest_T03_Logout",
    "sampleCount" : 110,
    "errorCount" : 4,
    "errorPct" : 3.6363637,
    "meanResTime" : 772.4727272727273,
    "minResTime" : 176.0,
    "maxResTime" : 30034.0,
    "pct1ResTime" : 470.8,
    "pct2ResTime" : 495.5999999999999,
    "pct3ResTime" : 27850.39000000001,
    "throughput" : 0.05603102692647405,
    "receivedKBytesPerSec" : 0.7572152562107846,
    "sentKBytesPerSec" : 0.5075722590131
  },
  "56 /prweb/4nkyhN427tnQ2M8u7-kgHfJ4q6kBQpSp*/!TABTHREAD0" : {
    "transaction" : "56 /prweb/4nkyhN427tnQ2M8u7-kgHfJ4q6kBQpSp*/!TABTHREAD0",
    "sampleCount" : 145,
    "errorCount" : 0,
    "errorPct" : 0.0,
    "meanResTime" : 450.0689655172414,
    "minResTime" : 344.0,
    "maxResTime" : 638.0,
    "pct1ResTime" : 536.0,
    "pct2ResTime" : 562.8,
    "pct3ResTime" : 632.9399999999999,
    "throughput" : 0.07326644023125921,
    "receivedKBytesPerSec" : 1.445686312799445,
    "sentKBytesPerSec" : 0.071845817376829
  },
  "4 /prweb/" : {
    "transaction" : "4 /prweb/",
    "sampleCount" : 149,
    "errorCount" : 0,
    "errorPct" : 0.0,
    "meanResTime" : 128.986577181208,
    "minResTime" : 74.0,
    "maxResTime" : 1091.0,
    "pct1ResTime" : 160.0,
    "pct2ResTime" : 171.0,
    "pct3ResTime" : 672.0,
    "throughput" : 0.0735778488207298,
    "receivedKBytesPerSec" : 0.5720285204593332,
    "sentKBytesPerSec" : 0.12867684389669276
  },
  "87 /prweb/EGD_mG2bYLJOo_r9qtJ4CQ%5B%5B*/!STANDARD" : {
    "transaction" : "87 /prweb/EGD_mG2bYLJOo_r9qtJ4CQ%5B%5B*/!STANDARD",
    "sampleCount" : 112,
    "errorCount" : 0,
    "errorPct" : 0.0,
    "meanResTime" : 94.03571428571428,
    "minResTime" : 71.0,
    "maxResTime" : 147.0,
    "pct1ResTime" : 114.10000000000001,
    "pct2ResTime" : 130.39999999999998,
    "pct3ResTime" : 146.61,
    "throughput" : 0.056611345924640184,
    "receivedKBytesPerSec" : 0.07719002034217515,
    "sentKBytesPerSec" : 0.11982228112638382
  },
  "55 /prweb/4nkyhN427tnQ2M8u7-kgHfJ4q6kBQpSp*/!STANDARD" : {
    "transaction" : "55 /prweb/4nkyhN427tnQ2M8u7-kgHfJ4q6kBQpSp*/!STANDARD",
    "sampleCount" : 146,
    "errorCount" : 0,
    "errorPct" : 0.0,
    "meanResTime" : 82.27397260273972,
    "minResTime" : 61.0,
    "maxResTime" : 129.0,
    "pct1ResTime" : 101.30000000000001,
    "pct2ResTime" : 115.65,
    "pct3ResTime" : 127.12,
    "throughput" : 0.0732302358615487,
    "receivedKBytesPerSec" : 0.03955306577630069,
    "sentKBytesPerSec" : 0.05600616149674577
  },
  "82 /prweb/4nkyhN427tnQ2M8u7-kgHfJ4q6kBQpSp*/!STANDARD" : {
    "transaction" : "82 /prweb/4nkyhN427tnQ2M8u7-kgHfJ4q6kBQpSp*/!STANDARD",
    "sampleCount" : 143,
    "errorCount" : 0,
    "errorPct" : 0.0,
    "meanResTime" : 167.11188811188802,
    "minResTime" : 116.0,
    "maxResTime" : 1143.0,
    "pct1ResTime" : 189.6,
    "pct2ResTime" : 209.19999999999993,
    "pct3ResTime" : 787.0400000000018,
    "throughput" : 0.07340195475051806,
    "receivedKBytesPerSec" : 0.15949155207021745,
    "sentKBytesPerSec" : 0.17147691550228752
  },
  "42 /prweb/beEBp4uRVTogorRwSwWqbOtn9IL2fwdI*/!STANDARD" : {
    "transaction" : "42 /prweb/beEBp4uRVTogorRwSwWqbOtn9IL2fwdI*/!STANDARD",
    "sampleCount" : 114,
    "errorCount" : 0,
    "errorPct" : 0.0,
    "meanResTime" : 746.8070175438597,
    "minResTime" : 493.0,
    "maxResTime" : 1093.0,
    "pct1ResTime" : 819.0,
    "pct2ResTime" : 839.0,
    "pct3ResTime" : 1059.6999999999987,
    "throughput" : 0.05670211543655406,
    "receivedKBytesPerSec" : 1.063092776473795,
    "sentKBytesPerSec" : 0.1308603765741676
  },
  "109 /prweb/EGD_mG2bYLJOo_r9qtJ4CQ%5B%5B*/!STANDARD" : {
    "transaction" : "109 /prweb/EGD_mG2bYLJOo_r9qtJ4CQ%5B%5B*/!STANDARD",
    "sampleCount" : 109,
    "errorCount" : 4,
    "errorPct" : 3.6697247,
    "meanResTime" : 168.01834862385323,
    "minResTime" : 0.0,
    "maxResTime" : 404.0,
    "pct1ResTime" : 201.0,
    "pct2ResTime" : 212.0,
    "pct3ResTime" : 393.50000000000057,
    "throughput" : 0.0563869906418288,
    "receivedKBytesPerSec" : 0.18458939342600114,
    "sentKBytesPerSec" : 0.22553280694698072
  },
  "103 /prweb/beEBp4uRVTogorRwSwWqbOtn9IL2fwdI*/!STANDARD" : {
    "transaction" : "103 /prweb/beEBp4uRVTogorRwSwWqbOtn9IL2fwdI*/!STANDARD",
    "sampleCount" : 108,
    "errorCount" : 0,
    "errorPct" : 0.0,
    "meanResTime" : 130.74074074074073,
    "minResTime" : 79.0,
    "maxResTime" : 1136.0,
    "pct1ResTime" : 165.20000000000002,
    "pct2ResTime" : 179.2,
    "pct3ResTime" : 1050.5899999999967,
    "throughput" : 0.05643562028233486,
    "receivedKBytesPerSec" : 0.4415768856943541,
    "sentKBytesPerSec" : 0.09245394846853061
  },
  "44 /prweb/EGD_mG2bYLJOo_r9qtJ4CQ%5B%5B*/!STANDARD" : {
    "transaction" : "44 /prweb/EGD_mG2bYLJOo_r9qtJ4CQ%5B%5B*/!STANDARD",
    "sampleCount" : 113,
    "errorCount" : 0,
    "errorPct" : 0.0,
    "meanResTime" : 230.07964601769913,
    "minResTime" : 87.0,
    "maxResTime" : 400.0,
    "pct1ResTime" : 280.6,
    "pct2ResTime" : 296.7,
    "pct3ResTime" : 390.76,
    "throughput" : 0.056672539546649775,
    "receivedKBytesPerSec" : 1.0643644811002095,
    "sentKBytesPerSec" : 0.09988515504202544
  },
  "Total" : {
    "transaction" : "Total",
    "sampleCount" : 1923,
    "errorCount" : 8,
    "errorPct" : 0.41601664,
    "meanResTime" : 440.3317732709306,
    "minResTime" : 0.0,
    "maxResTime" : 58960.0,
    "pct1ResTime" : 720.0,
    "pct2ResTime" : 766.8,
    "pct3ResTime" : 1127.8399999999997,
    "throughput" : 0.949271484733661,
    "receivedKBytesPerSec" : 8.891120349378062,
    "sentKBytesPerSec" : 1.924243631816194
  },
  "S102_PegaTest_T01_HomePage" : {
    "transaction" : "S102_PegaTest_T01_HomePage",
    "sampleCount" : 115,
    "errorCount" : 0,
    "errorPct" : 0.0,
    "meanResTime" : 148.73913043478262,
    "minResTime" : 76.0,
    "maxResTime" : 3903.0,
    "pct1ResTime" : 158.4,
    "pct2ResTime" : 167.5999999999999,
    "pct3ResTime" : 3319.0000000000123,
    "throughput" : 0.056369702902255424,
    "receivedKBytesPerSec" : 0.43835198670116166,
    "sentKBytesPerSec" : 0.09847800500146316
  },
  "S103_PegaTaskTracker_T02_Login" : {
    "transaction" : "S103_PegaTaskTracker_T02_Login",
    "sampleCount" : 147,
    "errorCount" : 0,
    "errorPct" : 0.0,
    "meanResTime" : 1837.1020408163267,
    "minResTime" : 1100.0,
    "maxResTime" : 42372.0,
    "pct1ResTime" : 1400.8000000000002,
    "pct2ResTime" : 1535.3999999999999,
    "pct3ResTime" : 36448.80000000013,
    "throughput" : 0.07257538953729487,
    "receivedKBytesPerSec" : 2.9632501462616267,
    "sentKBytesPerSec" : 0.3049286851141458
  },
  "88 /prweb/beEBp4uRVTogorRwSwWqbOtn9IL2fwdI*/!STANDARD" : {
    "transaction" : "88 /prweb/beEBp4uRVTogorRwSwWqbOtn9IL2fwdI*/!STANDARD",
    "sampleCount" : 142,
    "errorCount" : 0,
    "errorPct" : 0.0,
    "meanResTime" : 92.28873239436622,
    "minResTime" : 70.0,
    "maxResTime" : 137.0,
    "pct1ResTime" : 107.70000000000002,
    "pct2ResTime" : 113.0,
    "pct3ResTime" : 136.57,
    "throughput" : 0.07346850503492082,
    "receivedKBytesPerSec" : 0.5175081316571132,
    "sentKBytesPerSec" : 0.03519422718634769
  },
  "78 /prweb/4nkyhN427tnQ2M8u7-kgHfJ4q6kBQpSp*/!STANDARD?pzTransactionId=&pzFromFrame=&pzPrimaryPageName=pyDisplayHarness&AJAXTrackID=1" : {
    "transaction" : "78 /prweb/4nkyhN427tnQ2M8u7-kgHfJ4q6kBQpSp*/!STANDARD?pzTransactionId=&pzFromFrame=&pzPrimaryPageName=pyDisplayHarness&AJAXTrackID=1",
    "sampleCount" : 144,
    "errorCount" : 0,
    "errorPct" : 0.0,
    "meanResTime" : 110.7986111111111,
    "minResTime" : 83.0,
    "maxResTime" : 641.0,
    "pct1ResTime" : 129.5,
    "pct2ResTime" : 144.0,
    "pct3ResTime" : 431.3000000000053,
    "throughput" : 0.07335411699981662,
    "receivedKBytesPerSec" : 0.11535951715543942,
    "sentKBytesPerSec" : 0.1453571205707358
  },
  "S103_PegaTaskTracker_T03_Logout" : {
    "transaction" : "S103_PegaTaskTracker_T03_Logout",
    "sampleCount" : 144,
    "errorCount" : 0,
    "errorPct" : 0.0,
    "meanResTime" : 943.2152777777778,
    "minResTime" : 297.0,
    "maxResTime" : 42970.0,
    "pct1ResTime" : 407.0,
    "pct2ResTime" : 441.5,
    "pct3ResTime" : 35632.75000000019,
    "throughput" : 0.07279024732002991,
    "receivedKBytesPerSec" : 0.7771460706914618,
    "sentKBytesPerSec" : 0.3474917828214511
  },
  "11 /prweb/beEBp4uRVTogorRwSwWqbOtn9IL2fwdI*/!STANDARD" : {
    "transaction" : "11 /prweb/beEBp4uRVTogorRwSwWqbOtn9IL2fwdI*/!STANDARD",
    "sampleCount" : 147,
    "errorCount" : 0,
    "errorPct" : 0.0,
    "meanResTime" : 749.0476190476188,
    "minResTime" : 648.0,
    "maxResTime" : 1712.0,
    "pct1ResTime" : 805.4000000000001,
    "pct2ResTime" : 830.0,
    "pct3ResTime" : 1419.2000000000062,
    "throughput" : 0.07311683124585609,
    "receivedKBytesPerSec" : 1.5230288213678718,
    "sentKBytesPerSec" : 0.18094093916455814
  }
}