{
  "366 /prweb/p_loginURL%5B*/!TABTHREAD0?pzTransactionId=&pzFromFrame=&pzPrimaryPageName=pyDisplayHarness&AJAXTrackID=1" : {
    "transaction" : "366 /prweb/p_loginURL%5B*/!TABTHREAD0?pzTransactionId=&pzFromFrame=&pzPrimaryPageName=pyDisplayHarness&AJAXTrackID=1",
    "sampleCount" : 52,
    "errorCount" : 0,
    "errorPct" : 0.0,
    "meanResTime" : 299.28846153846143,
    "minResTime" : 50.0,
    "maxResTime" : 11722.0,
    "pct1ResTime" : 155.20000000000022,
    "pct2ResTime" : 269.5999999999999,
    "pct3ResTime" : 11722.0,
    "throughput" : 0.028397501675179546,
    "receivedKBytesPerSec" : 0.10415101590014346,
    "sentKBytesPerSec" : 0.06759499220297442
  },
  "111 /prweb/sJz4q7ugfgSxRrrdfjkitr-oF3eqH0KG*/!STANDARD" : {
    "transaction" : "111 /prweb/sJz4q7ugfgSxRrrdfjkitr-oF3eqH0KG*/!STANDARD",
    "sampleCount" : 60,
    "errorCount" : 0,
    "errorPct" : 0.0,
    "meanResTime" : 1047.1166666666666,
    "minResTime" : 560.0,
    "maxResTime" : 17671.0,
    "pct1ResTime" : 1080.3,
    "pct2ResTime" : 1789.099999999997,
    "pct3ResTime" : 17671.0,
    "throughput" : 0.03145127175838294,
    "receivedKBytesPerSec" : 0.30117766502351245,
    "sentKBytesPerSec" : 0.07101568163686048
  },
  "357 /prweb/p_loginURL%5B*/!TABTHREAD0" : {
    "transaction" : "357 /prweb/p_loginURL%5B*/!TABTHREAD0",
    "sampleCount" : 55,
    "errorCount" : 0,
    "errorPct" : 0.0,
    "meanResTime" : 1971.818181818181,
    "minResTime" : 686.0,
    "maxResTime" : 25599.0,
    "pct1ResTime" : 2494.199999999999,
    "pct2ResTime" : 7266.399999999993,
    "pct3ResTime" : 25599.0,
    "throughput" : 0.02933097121245169,
    "receivedKBytesPerSec" : 1.152045763581173,
    "sentKBytesPerSec" : 0.031065727340091543
  },
  "356 /prweb/p_loginURL%5B*/!STANDARD" : {
    "transaction" : "356 /prweb/p_loginURL%5B*/!STANDARD",
    "sampleCount" : 55,
    "errorCount" : 0,
    "errorPct" : 0.0,
    "meanResTime" : 16.909090909090907,
    "minResTime" : 8.0,
    "maxResTime" : 177.0,
    "pct1ResTime" : 20.4,
    "pct2ResTime" : 32.19999999999991,
    "pct3ResTime" : 177.0,
    "throughput" : 0.02934801516705424,
    "receivedKBytesPerSec" : 0.07603856039047802,
    "sentKBytesPerSec" : 0.022027165289889024
  },
  "370 /prweb/wPnkzmKNqOMVOdYA78l0keYXaXjzZutNzmr9BRMsnFQ%5B*/!STANDARD" : {
    "transaction" : "370 /prweb/wPnkzmKNqOMVOdYA78l0keYXaXjzZutNzmr9BRMsnFQ%5B*/!STANDARD",
    "sampleCount" : 50,
    "errorCount" : 0,
    "errorPct" : 0.0,
    "meanResTime" : 482.56000000000006,
    "minResTime" : 124.0,
    "maxResTime" : 14945.0,
    "pct1ResTime" : 301.0,
    "pct2ResTime" : 626.9499999999979,
    "pct3ResTime" : 14945.0,
    "throughput" : 0.029501623179307327,
    "receivedKBytesPerSec" : 0.1692021805977265,
    "sentKBytesPerSec" : 0.0669456364739188
  },
  "128 /prweb/wPnkzmKNqONNXZgna6AB2m5AdvZEjcNj*/!STANDARD?pzTransactionId=&pzFromFrame=&pzPrimaryPageName=pyDisplayHarness&AJAXTrackID=1" : {
    "transaction" : "128 /prweb/wPnkzmKNqONNXZgna6AB2m5AdvZEjcNj*/!STANDARD?pzTransactionId=&pzFromFrame=&pzPrimaryPageName=pyDisplayHarness&AJAXTrackID=1",
    "sampleCount" : 58,
    "errorCount" : 0,
    "errorPct" : 0.0,
    "meanResTime" : 39.36206896551723,
    "minResTime" : 27.0,
    "maxResTime" : 164.0,
    "pct1ResTime" : 56.300000000000004,
    "pct2ResTime" : 71.5999999999998,
    "pct3ResTime" : 164.0,
    "throughput" : 0.031199234005013395,
    "receivedKBytesPerSec" : 0.2112246766777657,
    "sentKBytesPerSec" : 0.057522011765607686
  },
  "S01_LoginManager_T01_HomePage" : {
    "transaction" : "S01_LoginManager_T01_HomePage",
    "sampleCount" : 55,
    "errorCount" : 0,
    "errorPct" : 0.0,
    "meanResTime" : 261.4545454545455,
    "minResTime" : 99.0,
    "maxResTime" : 3797.0,
    "pct1ResTime" : 146.19999999999993,
    "pct2ResTime" : 2034.7999999999943,
    "pct3ResTime" : 3797.0,
    "throughput" : 0.029345462791287063,
    "receivedKBytesPerSec" : 0.16926788072403262,
    "sentKBytesPerSec" : 0.0299967736664488
  },
  "367 /prweb/wPnkzmKNqOMVOdYA78l0keYXaXjzZutNzmr9BRMsnFQ%5B*/!TABTHREAD0?pzTransactionId=&pzFromFrame=&pzPrimaryPageName=pyDisplayHarness&AJAXTrackID=1" : {
    "transaction" : "367 /prweb/wPnkzmKNqOMVOdYA78l0keYXaXjzZutNzmr9BRMsnFQ%5B*/!TABTHREAD0?pzTransactionId=&pzFromFrame=&pzPrimaryPageName=pyDisplayHarness&AJAXTrackID=1",
    "sampleCount" : 50,
    "errorCount" : 0,
    "errorPct" : 0.0,
    "meanResTime" : 223.7199999999999,
    "minResTime" : 16.0,
    "maxResTime" : 10169.0,
    "pct1ResTime" : 23.0,
    "pct2ResTime" : 27.449999999999996,
    "pct3ResTime" : 10169.0,
    "throughput" : 0.029504338908079825,
    "receivedKBytesPerSec" : 0.08228598769610058,
    "sentKBytesPerSec" : 0.06489744420877035
  },
  "204 /prweb/wPnkzmKNqONCZWEUa4Rn_g%5B%5B*/!STANDARD?pzTransactionId=&pzFromFrame=&pzPrimaryPageName=pyDisplayHarness&AJAXTrackID=1" : {
    "transaction" : "204 /prweb/wPnkzmKNqONCZWEUa4Rn_g%5B%5B*/!STANDARD?pzTransactionId=&pzFromFrame=&pzPrimaryPageName=pyDisplayHarness&AJAXTrackID=1",
    "sampleCount" : 52,
    "errorCount" : 0,
    "errorPct" : 0.0,
    "meanResTime" : 42.71153846153847,
    "minResTime" : 30.0,
    "maxResTime" : 183.0,
    "pct1ResTime" : 49.7,
    "pct2ResTime" : 107.79999999999995,
    "pct3ResTime" : 183.0,
    "throughput" : 0.028306791180257102,
    "receivedKBytesPerSec" : 0.20636292946709742,
    "sentKBytesPerSec" : 0.05184776236857075
  },
  "S17_LoginAsJudge_T03_Logout" : {
    "transaction" : "S17_LoginAsJudge_T03_Logout",
    "sampleCount" : 55,
    "errorCount" : 0,
    "errorPct" : 0.0,
    "meanResTime" : 379.9818181818182,
    "minResTime" : 181.0,
    "maxResTime" : 4865.0,
    "pct1ResTime" : 404.2,
    "pct2ResTime" : 926.99999999999,
    "pct3ResTime" : 4865.0,
    "throughput" : 0.03159639341531161,
    "receivedKBytesPerSec" : 0.5479696534593742,
    "sentKBytesPerSec" : 0.17384916869170824
  },
  "371 /prweb/sJz4q7ugfgSxRrrdfjkitr-oF3eqH0KG*/!STANDARD" : {
    "transaction" : "371 /prweb/sJz4q7ugfgSxRrrdfjkitr-oF3eqH0KG*/!STANDARD",
    "sampleCount" : 50,
    "errorCount" : 0,
    "errorPct" : 0.0,
    "meanResTime" : 378.15999999999985,
    "minResTime" : 98.0,
    "maxResTime" : 13262.0,
    "pct1ResTime" : 121.5,
    "pct2ResTime" : 341.6999999999987,
    "pct3ResTime" : 13262.0,
    "throughput" : 0.029501988729060225,
    "receivedKBytesPerSec" : 0.17306488896041483,
    "sentKBytesPerSec" : 0.06874193858157979
  },
  "104 /prweb/" : {
    "transaction" : "104 /prweb/",
    "sampleCount" : 60,
    "errorCount" : 0,
    "errorPct" : 0.0,
    "meanResTime" : 151.16666666666669,
    "minResTime" : 97.0,
    "maxResTime" : 2612.0,
    "pct1ResTime" : 118.9,
    "pct2ResTime" : 176.14999999999984,
    "pct3ResTime" : 2612.0,
    "throughput" : 0.03146143064563575,
    "receivedKBytesPerSec" : 0.18149210390189907,
    "sentKBytesPerSec" : 0.032188566575271214
  },
  "S02_LoginAsClerk_T02_Login" : {
    "transaction" : "S02_LoginAsClerk_T02_Login",
    "sampleCount" : 55,
    "errorCount" : 0,
    "errorPct" : 0.0,
    "meanResTime" : 8991.6,
    "minResTime" : 1008.0,
    "maxResTime" : 106483.0,
    "pct1ResTime" : 35025.199999999975,
    "pct2ResTime" : 66797.99999999984,
    "pct3ResTime" : 106483.0,
    "throughput" : 0.028420644135813473,
    "receivedKBytesPerSec" : 1.3713374590419762,
    "sentKBytesPerSec" : 0.33387898547860106
  },
  "129 /prweb/PRPushServlet/!@7be12a6f7babe3503a1c92e0e5ce4d46!" : {
    "transaction" : "129 /prweb/PRPushServlet/!@7be12a6f7babe3503a1c92e0e5ce4d46!",
    "sampleCount" : 58,
    "errorCount" : 0,
    "errorPct" : 0.0,
    "meanResTime" : 204.50000000000006,
    "minResTime" : 98.0,
    "maxResTime" : 2023.0,
    "pct1ResTime" : 293.7,
    "pct2ResTime" : 1000.5499999999997,
    "pct3ResTime" : 2023.0,
    "throughput" : 0.03097418622001178,
    "receivedKBytesPerSec" : 0.07416865684713758,
    "sentKBytesPerSec" : 0.02655638026180664
  },
  "155 /prweb/wPnkzmKNqONNXZgna6AB2m5AdvZEjcNj*/!TABTHREAD0?pyActivity=pzCancelFunctionalTestCase&pzTransactionId=&pzFromFrame=&pzPrimaryPageName=pyDisplayHarness&pzHarnessID=HID407EFB9677033BAFDD6B62C1E56FE252" : {
    "transaction" : "155 /prweb/wPnkzmKNqONNXZgna6AB2m5AdvZEjcNj*/!TABTHREAD0?pyActivity=pzCancelFunctionalTestCase&pzTransactionId=&pzFromFrame=&pzPrimaryPageName=pyDisplayHarness&pzHarnessID=HID407EFB9677033BAFDD6B62C1E56FE252",
    "sampleCount" : 55,
    "errorCount" : 0,
    "errorPct" : 0.0,
    "meanResTime" : 117.27272727272727,
    "minResTime" : 32.0,
    "maxResTime" : 4162.0,
    "pct1ResTime" : 51.599999999999994,
    "pct2ResTime" : 82.39999999999957,
    "pct3ResTime" : 4162.0,
    "throughput" : 0.03159900744644974,
    "receivedKBytesPerSec" : 0.2796714141302718,
    "sentKBytesPerSec" : 0.03720906560442294
  },
  "158 /prweb/p_HomeRedirectURL*/!STANDARD" : {
    "transaction" : "158 /prweb/p_HomeRedirectURL*/!STANDARD",
    "sampleCount" : 55,
    "errorCount" : 0,
    "errorPct" : 0.0,
    "meanResTime" : 1535.1454545454535,
    "minResTime" : 575.0,
    "maxResTime" : 26407.0,
    "pct1ResTime" : 1232.5999999999997,
    "pct2ResTime" : 9781.799999999994,
    "pct3ResTime" : 26407.0,
    "throughput" : 0.029085063233571566,
    "receivedKBytesPerSec" : 0.35913649421868266,
    "sentKBytesPerSec" : 0.06569960483975452
  },
  "127 /prweb/wPnkzmKNqONNXZgna6AB2m5AdvZEjcNj*/!TABTHREAD0" : {
    "transaction" : "127 /prweb/wPnkzmKNqONNXZgna6AB2m5AdvZEjcNj*/!TABTHREAD0",
    "sampleCount" : 58,
    "errorCount" : 0,
    "errorPct" : 0.0,
    "meanResTime" : 709.7413793103447,
    "minResTime" : 101.0,
    "maxResTime" : 24109.0,
    "pct1ResTime" : 231.00000000000006,
    "pct2ResTime" : 771.2999999999752,
    "pct3ResTime" : 24109.0,
    "throughput" : 0.03097423584424018,
    "receivedKBytesPerSec" : 0.2647250991509321,
    "sentKBytesPerSec" : 0.031668381653586285
  },
  "205 /prweb/PRPushServlet/!@c8f591ea4464927e19ca43999e191501!" : {
    "transaction" : "205 /prweb/PRPushServlet/!@c8f591ea4464927e19ca43999e191501!",
    "sampleCount" : 55,
    "errorCount" : 0,
    "errorPct" : 0.0,
    "meanResTime" : 163.63636363636365,
    "minResTime" : 101.0,
    "maxResTime" : 953.0,
    "pct1ResTime" : 220.79999999999998,
    "pct2ResTime" : 367.3999999999985,
    "pct3ResTime" : 953.0,
    "throughput" : 0.02910875347849604,
    "receivedKBytesPerSec" : 0.06970181985280498,
    "sentKBytesPerSec" : 0.024721766626126112
  },
  "203 /prweb/wPnkzmKNqONCZWEUa4Rn_g%5B%5B*/!TABTHREAD0" : {
    "transaction" : "203 /prweb/wPnkzmKNqONCZWEUa4Rn_g%5B%5B*/!TABTHREAD0",
    "sampleCount" : 54,
    "errorCount" : 0,
    "errorPct" : 0.0,
    "meanResTime" : 337.4814814814814,
    "minResTime" : 73.0,
    "maxResTime" : 8937.0,
    "pct1ResTime" : 355.0,
    "pct2ResTime" : 1477.0,
    "pct3ResTime" : 8937.0,
    "throughput" : 0.028809956721042793,
    "receivedKBytesPerSec" : 0.2607734566399481,
    "sentKBytesPerSec" : 0.02775803067540142
  },
  "S17_LoginAsJudge_T01_HomePage" : {
    "transaction" : "S17_LoginAsJudge_T01_HomePage",
    "sampleCount" : 60,
    "errorCount" : 0,
    "errorPct" : 0.0,
    "meanResTime" : 151.16666666666669,
    "minResTime" : 97.0,
    "maxResTime" : 2612.0,
    "pct1ResTime" : 118.9,
    "pct2ResTime" : 176.14999999999984,
    "pct3ResTime" : 2612.0,
    "throughput" : 0.03146118319217749,
    "receivedKBytesPerSec" : 0.18149067641281685,
    "sentKBytesPerSec" : 0.03218831340267378
  },
  "146 /prweb/wPnkzmKNqONNXZgna6AB2m5AdvZEjcNj*/!TABTHREAD0?pzTransactionId=&pzFromFrame=&pzPrimaryPageName=pyDisplayHarness&AJAXTrackID=1" : {
    "transaction" : "146 /prweb/wPnkzmKNqONNXZgna6AB2m5AdvZEjcNj*/!TABTHREAD0?pzTransactionId=&pzFromFrame=&pzPrimaryPageName=pyDisplayHarness&AJAXTrackID=1",
    "sampleCount" : 55,
    "errorCount" : 0,
    "errorPct" : 0.0,
    "meanResTime" : 226.58181818181814,
    "minResTime" : 56.0,
    "maxResTime" : 5808.0,
    "pct1ResTime" : 149.3999999999999,
    "pct2ResTime" : 1379.4,
    "pct3ResTime" : 5808.0,
    "throughput" : 0.03159862620663663,
    "receivedKBytesPerSec" : 0.167978229587862,
    "sentKBytesPerSec" : 0.07207819442720882
  },
  "243 /prweb/wPnkzmKNqONCZWEUa4Rn_g%5B%5B*/!TABTHREAD0?pyActivity=pzCancelFunctionalTestCase&pzTransactionId=&pzFromFrame=&pzPrimaryPageName=pyDisplayHarness&pzHarnessID=HIDF02D58DBC70AE17CC8B4D4F02D81E406" : {
    "transaction" : "243 /prweb/wPnkzmKNqONCZWEUa4Rn_g%5B%5B*/!TABTHREAD0?pyActivity=pzCancelFunctionalTestCase&pzTransactionId=&pzFromFrame=&pzPrimaryPageName=pyDisplayHarness&pzHarnessID=HIDF02D58DBC70AE17CC8B4D4F02D81E406",
    "sampleCount" : 50,
    "errorCount" : 0,
    "errorPct" : 0.0,
    "meanResTime" : 120.28,
    "minResTime" : 34.0,
    "maxResTime" : 3756.0,
    "pct1ResTime" : 53.9,
    "pct2ResTime" : 104.94999999999953,
    "pct3ResTime" : 3756.0,
    "throughput" : 0.02925934075194165,
    "receivedKBytesPerSec" : 0.2724176062450552,
    "sentKBytesPerSec" : 0.03272988716574129
  },
  "143 /prweb/wPnkzmKNqONNXZgna6AB2m5AdvZEjcNj*/!TABTHREAD0?pzTransactionId=&pzFromFrame=&pzPrimaryPageName=pyDisplayHarness&AJAXTrackID=1" : {
    "transaction" : "143 /prweb/wPnkzmKNqONNXZgna6AB2m5AdvZEjcNj*/!TABTHREAD0?pzTransactionId=&pzFromFrame=&pzPrimaryPageName=pyDisplayHarness&AJAXTrackID=1",
    "sampleCount" : 56,
    "errorCount" : 0,
    "errorPct" : 0.0,
    "meanResTime" : 405.5178571428573,
    "minResTime" : 136.0,
    "maxResTime" : 4085.0,
    "pct1ResTime" : 590.5000000000011,
    "pct2ResTime" : 2634.1999999999975,
    "pct3ResTime" : 4085.0,
    "throughput" : 0.030364597482015754,
    "receivedKBytesPerSec" : 0.24029832047853522,
    "sentKBytesPerSec" : 0.0664188503760059
  },
  "126 /prweb/wPnkzmKNqONNXZgna6AB2m5AdvZEjcNj*/!STANDARD" : {
    "transaction" : "126 /prweb/wPnkzmKNqONNXZgna6AB2m5AdvZEjcNj*/!STANDARD",
    "sampleCount" : 60,
    "errorCount" : 0,
    "errorPct" : 0.0,
    "meanResTime" : 18.13333333333333,
    "minResTime" : 8.0,
    "maxResTime" : 132.0,
    "pct1ResTime" : 26.0,
    "pct2ResTime" : 50.349999999999945,
    "pct3ResTime" : 132.0,
    "throughput" : 0.03150747514847897,
    "receivedKBytesPerSec" : 0.08033585655696815,
    "sentKBytesPerSec" : 0.022736766368133342
  },
  "154 /prweb/wPnkzmKNqONNXZgna6AB2m5AdvZEjcNj*/!TABTHREAD0?pzTransactionId=&pzFromFrame=&pzPrimaryPageName=pyDisplayHarness&AJAXTrackID=1" : {
    "transaction" : "154 /prweb/wPnkzmKNqONNXZgna6AB2m5AdvZEjcNj*/!TABTHREAD0?pzTransactionId=&pzFromFrame=&pzPrimaryPageName=pyDisplayHarness&AJAXTrackID=1",
    "sampleCount" : 55,
    "errorCount" : 0,
    "errorPct" : 0.0,
    "meanResTime" : 30.472727272727276,
    "minResTime" : 16.0,
    "maxResTime" : 226.0,
    "pct1ResTime" : 29.799999999999997,
    "pct2ResTime" : 171.19999999999987,
    "pct3ResTime" : 226.0,
    "throughput" : 0.03159949762544139,
    "receivedKBytesPerSec" : 0.08711350851951183,
    "sentKBytesPerSec" : 0.06677245406438484
  },
  "363 /prweb/p_loginURL%5B*/!TABTHREAD0?pzTransactionId=&pzFromFrame=&pzPrimaryPageName=pyDisplayHarness&AJAXTrackID=1" : {
    "transaction" : "363 /prweb/p_loginURL%5B*/!TABTHREAD0?pzTransactionId=&pzFromFrame=&pzPrimaryPageName=pyDisplayHarness&AJAXTrackID=1",
    "sampleCount" : 55,
    "errorCount" : 0,
    "errorPct" : 0.0,
    "meanResTime" : 416.1636363636364,
    "minResTime" : 210.0,
    "maxResTime" : 1724.0,
    "pct1ResTime" : 736.4,
    "pct2ResTime" : 1598.3999999999994,
    "pct3ResTime" : 1724.0,
    "throughput" : 0.029518298930203177,
    "receivedKBytesPerSec" : 0.29938955654659516,
    "sentKBytesPerSec" : 0.10024586227244746
  },
  "332 /prweb/" : {
    "transaction" : "332 /prweb/",
    "sampleCount" : 55,
    "errorCount" : 0,
    "errorPct" : 0.0,
    "meanResTime" : 261.4545454545455,
    "minResTime" : 99.0,
    "maxResTime" : 3797.0,
    "pct1ResTime" : 146.19999999999993,
    "pct2ResTime" : 2034.7999999999943,
    "pct3ResTime" : 3797.0,
    "throughput" : 0.029346010810003258,
    "receivedKBytesPerSec" : 0.16927104175670557,
    "sentKBytesPerSec" : 0.02999733384822243
  },
  "S02_LoginAsClerk_T03_Logout" : {
    "transaction" : "S02_LoginAsClerk_T03_Logout",
    "sampleCount" : 50,
    "errorCount" : 0,
    "errorPct" : 0.0,
    "meanResTime" : 460.3599999999999,
    "minResTime" : 184.0,
    "maxResTime" : 3909.0,
    "pct1ResTime" : 506.0999999999998,
    "pct2ResTime" : 3605.5499999999993,
    "pct3ResTime" : 3909.0,
    "throughput" : 0.029257046559663893,
    "receivedKBytesPerSec" : 0.520185716417299,
    "sentKBytesPerSec" : 0.15773319511816922
  },
  "364 /prweb/p_loginURL%5B*/!TABTHREAD0?pzTransactionId=&pzFromFrame=&pzPrimaryPageName=pyDisplayHarness&AJAXTrackID=1" : {
    "transaction" : "364 /prweb/p_loginURL%5B*/!TABTHREAD0?pzTransactionId=&pzFromFrame=&pzPrimaryPageName=pyDisplayHarness&AJAXTrackID=1",
    "sampleCount" : 52,
    "errorCount" : 0,
    "errorPct" : 0.0,
    "meanResTime" : 1118.25,
    "minResTime" : 592.0,
    "maxResTime" : 4176.0,
    "pct1ResTime" : 1607.4,
    "pct2ResTime" : 1814.4,
    "pct3ResTime" : 4176.0,
    "throughput" : 0.02836037749844018,
    "receivedKBytesPerSec" : 0.8379887571896284,
    "sentKBytesPerSec" : 0.10306787957501974
  },
  "244 /prweb/wPnkzmKNqONCZWEUa4Rn_g%5B%5B*/!STANDARD" : {
    "transaction" : "244 /prweb/wPnkzmKNqONCZWEUa4Rn_g%5B%5B*/!STANDARD",
    "sampleCount" : 50,
    "errorCount" : 0,
    "errorPct" : 0.0,
    "meanResTime" : 250.64000000000016,
    "minResTime" : 125.0,
    "maxResTime" : 3655.0,
    "pct1ResTime" : 251.69999999999996,
    "pct2ResTime" : 564.599999999999,
    "pct3ResTime" : 3655.0,
    "throughput" : 0.029257731355510692,
    "receivedKBytesPerSec" : 0.1678033752450335,
    "sentKBytesPerSec" : 0.06136580575792153
  },
  "345 /prweb/p_HomeRedirectURL*/!STANDARD" : {
    "transaction" : "345 /prweb/p_HomeRedirectURL*/!STANDARD",
    "sampleCount" : 55,
    "errorCount" : 0,
    "errorPct" : 0.0,
    "meanResTime" : 1506.690909090909,
    "minResTime" : 561.0,
    "maxResTime" : 31072.0,
    "pct1ResTime" : 1205.6,
    "pct2ResTime" : 4242.799999999945,
    "pct3ResTime" : 31072.0,
    "throughput" : 0.02933794917066952,
    "receivedKBytesPerSec" : 0.36615500422066405,
    "sentKBytesPerSec" : 0.06686104030367444
  },
  "229 /prweb/wPnkzmKNqONCZWEUa4Rn_g%5B%5B*/!TABTHREAD0?pzTransactionId=&pzFromFrame=&pzPrimaryPageName=pyDisplayHarness&AJAXTrackID=1" : {
    "transaction" : "229 /prweb/wPnkzmKNqONCZWEUa4Rn_g%5B%5B*/!TABTHREAD0?pzTransactionId=&pzFromFrame=&pzPrimaryPageName=pyDisplayHarness&AJAXTrackID=1",
    "sampleCount" : 52,
    "errorCount" : 0,
    "errorPct" : 0.0,
    "meanResTime" : 158.01923076923077,
    "minResTime" : 56.0,
    "maxResTime" : 3960.0,
    "pct1ResTime" : 157.5,
    "pct2ResTime" : 221.49999999999983,
    "pct3ResTime" : 3960.0,
    "throughput" : 0.028429235532389373,
    "receivedKBytesPerSec" : 0.1648220808232232,
    "sentKBytesPerSec" : 0.06376022751999204
  },
  "S01_LoginManager_T02_Login" : {
    "transaction" : "S01_LoginManager_T02_Login",
    "sampleCount" : 55,
    "errorCount" : 0,
    "errorPct" : 0.0,
    "meanResTime" : 12996.127272727272,
    "minResTime" : 2205.0,
    "maxResTime" : 108888.0,
    "pct1ResTime" : 47733.599999999955,
    "pct2ResTime" : 83153.79999999987,
    "pct3ResTime" : 108888.0,
    "throughput" : 0.028345357777682722,
    "receivedKBytesPerSec" : 2.9270094877710395,
    "sentKBytesPerSec" : 0.4265337165776021
  },
  "228 /prweb/wPnkzmKNqONCZWEUa4Rn_g%5B%5B*/!TABTHREAD0" : {
    "transaction" : "228 /prweb/wPnkzmKNqONCZWEUa4Rn_g%5B%5B*/!TABTHREAD0",
    "sampleCount" : 52,
    "errorCount" : 0,
    "errorPct" : 0.0,
    "meanResTime" : 14.153846153846153,
    "minResTime" : 11.0,
    "maxResTime" : 22.0,
    "pct1ResTime" : 16.700000000000003,
    "pct2ResTime" : 18.349999999999994,
    "pct3ResTime" : 22.0,
    "throughput" : 0.02830743837824508,
    "receivedKBytesPerSec" : 0.07185309065511578,
    "sentKBytesPerSec" : 0.028185698530952822
  },
  "Total" : {
    "transaction" : "Total",
    "sampleCount" : 1910,
    "errorCount" : 0,
    "errorPct" : 0.0,
    "meanResTime" : 943.3486910994774,
    "minResTime" : 8.0,
    "maxResTime" : 108888.0,
    "pct1ResTime" : 776.7000000000003,
    "pct2ResTime" : 1233.649999999997,
    "pct3ResTime" : 23400.81999999918,
    "throughput" : 0.9842874737823952,
    "receivedKBytesPerSec" : 7.932925547316657,
    "sentKBytesPerSec" : 1.778824931943736
  },
  "146 /prweb/" : {
    "transaction" : "146 /prweb/",
    "sampleCount" : 55,
    "errorCount" : 0,
    "errorPct" : 0.0,
    "meanResTime" : 140.56363636363636,
    "minResTime" : 99.0,
    "maxResTime" : 1182.0,
    "pct1ResTime" : 141.79999999999993,
    "pct2ResTime" : 381.39999999999947,
    "pct3ResTime" : 1182.0,
    "throughput" : 0.02909374056106485,
    "receivedKBytesPerSec" : 0.16781591901043194,
    "sentKBytesPerSec" : 0.0297394645614436
  },
  "358 /prweb/p_loginURL%5B*/!STANDARD?pzTransactionId=&pzFromFrame=&pzPrimaryPageName=pyDisplayHarness&AJAXTrackID=1" : {
    "transaction" : "358 /prweb/p_loginURL%5B*/!STANDARD?pzTransactionId=&pzFromFrame=&pzPrimaryPageName=pyDisplayHarness&AJAXTrackID=1",
    "sampleCount" : 55,
    "errorCount" : 0,
    "errorPct" : 0.0,
    "meanResTime" : 102.00000000000001,
    "minResTime" : 30.0,
    "maxResTime" : 2628.0,
    "pct1ResTime" : 72.19999999999996,
    "pct2ResTime" : 265.59999999999627,
    "pct3ResTime" : 2628.0,
    "throughput" : 0.029347936866718213,
    "receivedKBytesPerSec" : 0.2162117536352756,
    "sentKBytesPerSec" : 0.05507219559119284
  },
  "S02_LoginAsClerk_T01_HomePage" : {
    "transaction" : "S02_LoginAsClerk_T01_HomePage",
    "sampleCount" : 55,
    "errorCount" : 0,
    "errorPct" : 0.0,
    "meanResTime" : 140.56363636363636,
    "minResTime" : 99.0,
    "maxResTime" : 1182.0,
    "pct1ResTime" : 141.79999999999993,
    "pct2ResTime" : 381.39999999999947,
    "pct3ResTime" : 1182.0,
    "throughput" : 0.02909363283200596,
    "receivedKBytesPerSec" : 0.16781529761728436,
    "sentKBytesPerSec" : 0.02973935444138109
  },
  "202 /prweb/wPnkzmKNqONCZWEUa4Rn_g%5B%5B*/!STANDARD" : {
    "transaction" : "202 /prweb/wPnkzmKNqONCZWEUa4Rn_g%5B%5B*/!STANDARD",
    "sampleCount" : 55,
    "errorCount" : 0,
    "errorPct" : 0.0,
    "meanResTime" : 15.290909090909091,
    "minResTime" : 8.0,
    "maxResTime" : 108.0,
    "pct1ResTime" : 17.799999999999997,
    "pct2ResTime" : 23.399999999999928,
    "pct3ResTime" : 108.0,
    "throughput" : 0.029095125720038237,
    "receivedKBytesPerSec" : 0.07385212868536055,
    "sentKBytesPerSec" : 0.020789169908128173
  },
  "156 /prweb/wPnkzmKNqONNXZgna6AB2m5AdvZEjcNj*/!STANDARD" : {
    "transaction" : "156 /prweb/wPnkzmKNqONNXZgna6AB2m5AdvZEjcNj*/!STANDARD",
    "sampleCount" : 55,
    "errorCount" : 0,
    "errorPct" : 0.0,
    "meanResTime" : 232.2363636363636,
    "minResTime" : 127.0,
    "maxResTime" : 2734.0,
    "pct1ResTime" : 326.0,
    "pct2ResTime" : 407.39999999999964,
    "pct3ResTime" : 2734.0,
    "throughput" : 0.03159735547369606,
    "receivedKBytesPerSec" : 0.18122194208693063,
    "sentKBytesPerSec" : 0.06987941425827793
  },
  "S17_LoginAsJudge_T02_Login" : {
    "transaction" : "S17_LoginAsJudge_T02_Login",
    "sampleCount" : 60,
    "errorCount" : 0,
    "errorPct" : 0.0,
    "meanResTime" : 6989.950000000001,
    "minResTime" : 1086.0,
    "maxResTime" : 87058.0,
    "pct1ResTime" : 25894.799999999996,
    "pct2ResTime" : 61147.69999999985,
    "pct3ResTime" : 87058.0,
    "throughput" : 0.031004547333608926,
    "receivedKBytesPerSec" : 1.2868713908769118,
    "sentKBytesPerSec" : 0.3321044215391174
  },
  "S01_LoginManager_T03_Logout" : {
    "transaction" : "S01_LoginManager_T03_Logout",
    "sampleCount" : 50,
    "errorCount" : 0,
    "errorPct" : 0.0,
    "meanResTime" : 1429.6599999999999,
    "minResTime" : 362.0,
    "maxResTime" : 15185.0,
    "pct1ResTime" : 1388.5999999999997,
    "pct2ResTime" : 11896.949999999988,
    "pct3ResTime" : 15185.0,
    "throughput" : 0.029497411307183682,
    "receivedKBytesPerSec" : 0.6048663114637559,
    "sentKBytesPerSec" : 0.2752724924766852
  },
  "369 /prweb/wPnkzmKNqOMVOdYA78l0keYXaXjzZutNzmr9BRMsnFQ%5B*/!TABTHREAD0?pyActivity=pzCancelFunctionalTestCase&pzTransactionId=&pzFromFrame=&pzPrimaryPageName=pyDisplayHarness&pzHarnessID=HID77A99FCD2DB2663A2907DAEC93922BFF" : {
    "transaction" : "369 /prweb/wPnkzmKNqOMVOdYA78l0keYXaXjzZutNzmr9BRMsnFQ%5B*/!TABTHREAD0?pyActivity=pzCancelFunctionalTestCase&pzTransactionId=&pzFromFrame=&pzPrimaryPageName=pyDisplayHarness&pzHarnessID=HID77A99FCD2DB2663A2907DAEC93922BFF",
    "sampleCount" : 50,
    "errorCount" : 0,
    "errorPct" : 0.0,
    "meanResTime" : 345.22,
    "minResTime" : 110.0,
    "maxResTime" : 10134.0,
    "pct1ResTime" : 182.7999999999999,
    "pct2ResTime" : 686.5499999999967,
    "pct3ResTime" : 10134.0,
    "throughput" : 0.029501814656619527,
    "receivedKBytesPerSec" : 0.18041051111303857,
    "sentKBytesPerSec" : 0.0747340890813194
  },
  "240 /prweb/wPnkzmKNqONCZWEUa4Rn_g%5B%5B*/!TABTHREAD0?pzTransactionId=&pzFromFrame=&pzPrimaryPageName=pyDisplayHarness&AJAXTrackID=1" : {
    "transaction" : "240 /prweb/wPnkzmKNqONCZWEUa4Rn_g%5B%5B*/!TABTHREAD0?pzTransactionId=&pzFromFrame=&pzPrimaryPageName=pyDisplayHarness&AJAXTrackID=1",
    "sampleCount" : 51,
    "errorCount" : 0,
    "errorPct" : 0.0,
    "meanResTime" : 181.5686274509804,
    "minResTime" : 65.0,
    "maxResTime" : 4146.0,
    "pct1ResTime" : 202.4000000000002,
    "pct2ResTime" : 457.39999999999964,
    "pct3ResTime" : 4146.0,
    "throughput" : 0.028112013696614046,
    "receivedKBytesPerSec" : 0.22161842016959812,
    "sentKBytesPerSec" : 0.0662589569147561
  },
  "242 /prweb/wPnkzmKNqONCZWEUa4Rn_g%5B%5B*/!TABTHREAD0?pzTransactionId=&pzFromFrame=&pzPrimaryPageName=pyDisplayHarness&AJAXTrackID=1" : {
    "transaction" : "242 /prweb/wPnkzmKNqONCZWEUa4Rn_g%5B%5B*/!TABTHREAD0?pzTransactionId=&pzFromFrame=&pzPrimaryPageName=pyDisplayHarness&AJAXTrackID=1",
    "sampleCount" : 50,
    "errorCount" : 0,
    "errorPct" : 0.0,
    "meanResTime" : 89.44000000000001,
    "minResTime" : 17.0,
    "maxResTime" : 3320.0,
    "pct1ResTime" : 30.9,
    "pct2ResTime" : 47.79999999999998,
    "pct3ResTime" : 3320.0,
    "throughput" : 0.02925985442637226,
    "receivedKBytesPerSec" : 0.07999769926107164,
    "sentKBytesPerSec" : 0.0636476126372726
  }
}