{
  "S103_PegaTaskTracker_T01_HomePage" : {
    "transaction" : "S103_PegaTaskTracker_T01_HomePage",
    "sampleCount" : 470,
    "errorCount" : 0,
    "errorPct" : 0.0,
    "meanResTime" : 190.91702127659582,
    "minResTime" : 71.0,
    "maxResTime" : 13425.0,
    "pct1ResTime" : 144.90000000000003,
    "pct2ResTime" : 157.0,
    "pct3ResTime" : 514.5100000000168,
    "throughput" : 0.22374282713819593,
    "receivedKBytesPerSec" : 1.7394810039661985,
    "sentKBytesPerSec" : 0.39132215081361454
  },
  "25 /prweb/" : {
    "transaction" : "25 /prweb/",
    "sampleCount" : 414,
    "errorCount" : 0,
    "errorPct" : 0.0,
    "meanResTime" : 114.91545893719811,
    "minResTime" : 70.0,
    "maxResTime" : 1123.0,
    "pct1ResTime" : 142.5,
    "pct2ResTime" : 156.0,
    "pct3ResTime" : 966.8500000000178,
    "throughput" : 0.19853620312459538,
    "receivedKBytesPerSec" : 1.5438955669899033,
    "sentKBytesPerSec" : 0.3468454668406176
  },
  "88 /prweb/EGD_mG2bYLJOo_r9qtJ4CQ%5B%5B*/!TABTHREAD0" : {
    "transaction" : "88 /prweb/EGD_mG2bYLJOo_r9qtJ4CQ%5B%5B*/!TABTHREAD0",
    "sampleCount" : 401,
    "errorCount" : 16,
    "errorPct" : 3.990025,
    "meanResTime" : 362.8753117206978,
    "minResTime" : 0.0,
    "maxResTime" : 1584.0,
    "pct1ResTime" : 425.8,
    "pct2ResTime" : 458.9,
    "pct3ResTime" : 1303.600000000013,
    "throughput" : 0.19801295725685392,
    "receivedKBytesPerSec" : 3.975025341862458,
    "sentKBytesPerSec" : 0.6676586410620112
  },
  "108 /prweb/EGD_mG2bYLJOo_r9qtJ4CQ%5B%5B*/!STANDARD?pzTransactionId=&pzFromFrame=&pzPrimaryPageName=pyDisplayHarness&AJAXTrackID=1" : {
    "transaction" : "108 /prweb/EGD_mG2bYLJOo_r9qtJ4CQ%5B%5B*/!STANDARD?pzTransactionId=&pzFromFrame=&pzPrimaryPageName=pyDisplayHarness&AJAXTrackID=1",
    "sampleCount" : 399,
    "errorCount" : 0,
    "errorPct" : 0.0,
    "meanResTime" : 110.26065162907273,
    "minResTime" : 80.0,
    "maxResTime" : 1111.0,
    "pct1ResTime" : 114.0,
    "pct2ResTime" : 120.0,
    "pct3ResTime" : 329.0,
    "throughput" : 0.1986583837572126,
    "receivedKBytesPerSec" : 0.5181418063001096,
    "sentKBytesPerSec" : 0.6927054899107431
  },
  "S102_PegaTest_T02_Login" : {
    "transaction" : "S102_PegaTest_T02_Login",
    "sampleCount" : 411,
    "errorCount" : 16,
    "errorPct" : 3.892944,
    "meanResTime" : 2069.2360097323603,
    "minResTime" : 628.0,
    "maxResTime" : 54490.0,
    "pct1ResTime" : 1534.6,
    "pct2ResTime" : 2071.99999999999,
    "pct3ResTime" : 38044.99999999995,
    "throughput" : 0.19695330960628987,
    "receivedKBytesPerSec" : 11.437049917810329,
    "sentKBytesPerSec" : 1.8526702201025114
  },
  "S102_PegaTest_T03_Logout" : {
    "transaction" : "S102_PegaTest_T03_Logout",
    "sampleCount" : 399,
    "errorCount" : 16,
    "errorPct" : 4.010025,
    "meanResTime" : 969.5764411027568,
    "minResTime" : 161.0,
    "maxResTime" : 43558.0,
    "pct1ResTime" : 422.0,
    "pct2ResTime" : 1341.0,
    "pct3ResTime" : 30565.0,
    "throughput" : 0.19708258501223985,
    "receivedKBytesPerSec" : 2.671014195348604,
    "sentKBytesPerSec" : 1.7838116607010905
  },
  "56 /prweb/4nkyhN427tnQ2M8u7-kgHfJ4q6kBQpSp*/!TABTHREAD0" : {
    "transaction" : "56 /prweb/4nkyhN427tnQ2M8u7-kgHfJ4q6kBQpSp*/!TABTHREAD0",
    "sampleCount" : 461,
    "errorCount" : 0,
    "errorPct" : 0.0,
    "meanResTime" : 427.33405639913263,
    "minResTime" : 292.0,
    "maxResTime" : 1840.0,
    "pct1ResTime" : 475.0,
    "pct2ResTime" : 497.9,
    "pct3ResTime" : 1603.2599999999993,
    "throughput" : 0.22590176948219,
    "receivedKBytesPerSec" : 4.456620930184838,
    "sentKBytesPerSec" : 0.22143746462628203
  },
  "4 /prweb/" : {
    "transaction" : "4 /prweb/",
    "sampleCount" : 470,
    "errorCount" : 0,
    "errorPct" : 0.0,
    "meanResTime" : 113.0234042553192,
    "minResTime" : 71.0,
    "maxResTime" : 1096.0,
    "pct1ResTime" : 144.90000000000003,
    "pct2ResTime" : 157.0,
    "pct3ResTime" : 314.41000000000264,
    "throughput" : 0.2253556783877192,
    "receivedKBytesPerSec" : 1.7520200611804706,
    "sentKBytesPerSec" : 0.39414299842682554
  },
  "87 /prweb/EGD_mG2bYLJOo_r9qtJ4CQ%5B%5B*/!STANDARD" : {
    "transaction" : "87 /prweb/EGD_mG2bYLJOo_r9qtJ4CQ%5B%5B*/!STANDARD",
    "sampleCount" : 403,
    "errorCount" : 0,
    "errorPct" : 0.0,
    "meanResTime" : 87.03970223325062,
    "minResTime" : 67.0,
    "maxResTime" : 1096.0,
    "pct1ResTime" : 95.0,
    "pct2ResTime" : 99.0,
    "pct3ResTime" : 122.63999999999982,
    "throughput" : 0.19766112447108483,
    "receivedKBytesPerSec" : 0.26951751863679546,
    "sentKBytesPerSec" : 0.41841237821524263
  },
  "55 /prweb/4nkyhN427tnQ2M8u7-kgHfJ4q6kBQpSp*/!STANDARD" : {
    "transaction" : "55 /prweb/4nkyhN427tnQ2M8u7-kgHfJ4q6kBQpSp*/!STANDARD",
    "sampleCount" : 464,
    "errorCount" : 0,
    "errorPct" : 0.0,
    "meanResTime" : 81.76939655172406,
    "minResTime" : 59.0,
    "maxResTime" : 1127.0,
    "pct1ResTime" : 86.0,
    "pct2ResTime" : 88.0,
    "pct3ResTime" : 457.50000000002115,
    "throughput" : 0.22589089372466334,
    "receivedKBytesPerSec" : 0.12192619970458923,
    "sentKBytesPerSec" : 0.17267387148268648
  },
  "82 /prweb/4nkyhN427tnQ2M8u7-kgHfJ4q6kBQpSp*/!STANDARD" : {
    "transaction" : "82 /prweb/4nkyhN427tnQ2M8u7-kgHfJ4q6kBQpSp*/!STANDARD",
    "sampleCount" : 452,
    "errorCount" : 0,
    "errorPct" : 0.0,
    "meanResTime" : 159.31415929203536,
    "minResTime" : 104.0,
    "maxResTime" : 1355.0,
    "pct1ResTime" : 166.7,
    "pct2ResTime" : 207.0999999999998,
    "pct3ResTime" : 735.8399999999772,
    "throughput" : 0.22491433848811784,
    "receivedKBytesPerSec" : 0.48870547181256074,
    "sentKBytesPerSec" : 0.5253353002556659
  },
  "42 /prweb/beEBp4uRVTogorRwSwWqbOtn9IL2fwdI*/!STANDARD" : {
    "transaction" : "42 /prweb/beEBp4uRVTogorRwSwWqbOtn9IL2fwdI*/!STANDARD",
    "sampleCount" : 411,
    "errorCount" : 0,
    "errorPct" : 0.0,
    "meanResTime" : 734.3138686131392,
    "minResTime" : 457.0,
    "maxResTime" : 2095.0,
    "pct1ResTime" : 776.8,
    "pct2ResTime" : 826.9999999999999,
    "pct3ResTime" : 2012.04,
    "throughput" : 0.19837908360447554,
    "receivedKBytesPerSec" : 3.7035150648340007,
    "sentKBytesPerSec" : 0.45621004966234524
  },
  "109 /prweb/EGD_mG2bYLJOo_r9qtJ4CQ%5B%5B*/!STANDARD" : {
    "transaction" : "109 /prweb/EGD_mG2bYLJOo_r9qtJ4CQ%5B%5B*/!STANDARD",
    "sampleCount" : 396,
    "errorCount" : 16,
    "errorPct" : 4.040404,
    "meanResTime" : 164.39141414141417,
    "minResTime" : 0.0,
    "maxResTime" : 1398.0,
    "pct1ResTime" : 173.0,
    "pct2ResTime" : 189.14999999999998,
    "pct3ResTime" : 1160.019999999999,
    "throughput" : 0.19855625534936125,
    "receivedKBytesPerSec" : 0.6483799128884571,
    "sentKBytesPerSec" : 0.7911230695606241
  },
  "103 /prweb/beEBp4uRVTogorRwSwWqbOtn9IL2fwdI*/!STANDARD" : {
    "transaction" : "103 /prweb/beEBp4uRVTogorRwSwWqbOtn9IL2fwdI*/!STANDARD",
    "sampleCount" : 393,
    "errorCount" : 0,
    "errorPct" : 0.0,
    "meanResTime" : 124.87531806615776,
    "minResTime" : 73.0,
    "maxResTime" : 1145.0,
    "pct1ResTime" : 150.0,
    "pct2ResTime" : 159.0,
    "pct3ResTime" : 1095.06,
    "throughput" : 0.19860682115885311,
    "receivedKBytesPerSec" : 1.553354448837013,
    "sentKBytesPerSec" : 0.3245882517053402
  },
  "44 /prweb/EGD_mG2bYLJOo_r9qtJ4CQ%5B%5B*/!STANDARD" : {
    "transaction" : "44 /prweb/EGD_mG2bYLJOo_r9qtJ4CQ%5B%5B*/!STANDARD",
    "sampleCount" : 406,
    "errorCount" : 0,
    "errorPct" : 0.0,
    "meanResTime" : 218.80788177339906,
    "minResTime" : 75.0,
    "maxResTime" : 1230.0,
    "pct1ResTime" : 248.3,
    "pct2ResTime" : 259.65,
    "pct3ResTime" : 1016.8300000000008,
    "throughput" : 0.19757239008575908,
    "receivedKBytesPerSec" : 3.6956711474174706,
    "sentKBytesPerSec" : 0.3483278832125757
  },
  "Total" : {
    "transaction" : "Total",
    "sampleCount" : 6492,
    "errorCount" : 32,
    "errorPct" : 0.49291435,
    "meanResTime" : 427.2994454713495,
    "minResTime" : 0.0,
    "maxResTime" : 54490.0,
    "pct1ResTime" : 694.0,
    "pct2ResTime" : 742.0,
    "pct3ResTime" : 1715.3499999999985,
    "throughput" : 3.11066730809406,
    "receivedKBytesPerSec" : 29.24488118360124,
    "sentKBytesPerSec" : 6.408515349935697
  },
  "S102_PegaTest_T01_HomePage" : {
    "transaction" : "S102_PegaTest_T01_HomePage",
    "sampleCount" : 414,
    "errorCount" : 0,
    "errorPct" : 0.0,
    "meanResTime" : 156.9227053140097,
    "minResTime" : 70.0,
    "maxResTime" : 8569.0,
    "pct1ResTime" : 143.0,
    "pct2ResTime" : 156.25,
    "pct3ResTime" : 1118.9500000000007,
    "throughput" : 0.19711422864774403,
    "receivedKBytesPerSec" : 1.5328377344302377,
    "sentKBytesPerSec" : 0.3443612579482504
  },
  "S103_PegaTaskTracker_T02_Login" : {
    "transaction" : "S103_PegaTaskTracker_T02_Login",
    "sampleCount" : 467,
    "errorCount" : 0,
    "errorPct" : 0.0,
    "meanResTime" : 1903.3618843683098,
    "minResTime" : 995.0,
    "maxResTime" : 47265.0,
    "pct1ResTime" : 1324.8,
    "pct2ResTime" : 2117.799999999999,
    "pct3ResTime" : 34603.51999999998,
    "throughput" : 0.22379233604695517,
    "receivedKBytesPerSec" : 9.136916174405393,
    "sentKBytesPerSec" : 0.9401563733972732
  },
  "88 /prweb/beEBp4uRVTogorRwSwWqbOtn9IL2fwdI*/!STANDARD" : {
    "transaction" : "88 /prweb/beEBp4uRVTogorRwSwWqbOtn9IL2fwdI*/!STANDARD",
    "sampleCount" : 450,
    "errorCount" : 0,
    "errorPct" : 0.0,
    "meanResTime" : 104.30666666666669,
    "minResTime" : 68.0,
    "maxResTime" : 1175.0,
    "pct1ResTime" : 98.0,
    "pct2ResTime" : 105.44999999999999,
    "pct3ResTime" : 1083.98,
    "throughput" : 0.22565756614775456,
    "receivedKBytesPerSec" : 1.5895195552966344,
    "sentKBytesPerSec" : 0.10810407778265867
  },
  "78 /prweb/4nkyhN427tnQ2M8u7-kgHfJ4q6kBQpSp*/!STANDARD?pzTransactionId=&pzFromFrame=&pzPrimaryPageName=pyDisplayHarness&AJAXTrackID=1" : {
    "transaction" : "78 /prweb/4nkyhN427tnQ2M8u7-kgHfJ4q6kBQpSp*/!STANDARD?pzTransactionId=&pzFromFrame=&pzPrimaryPageName=pyDisplayHarness&AJAXTrackID=1",
    "sampleCount" : 455,
    "errorCount" : 0,
    "errorPct" : 0.0,
    "meanResTime" : 99.61758241758234,
    "minResTime" : 73.0,
    "maxResTime" : 1095.0,
    "pct1ResTime" : 114.0,
    "pct2ResTime" : 130.2,
    "pct3ResTime" : 293.9999999999998,
    "throughput" : 0.2248274757952222,
    "receivedKBytesPerSec" : 0.35335629435401383,
    "sentKBytesPerSec" : 0.4454259251527098
  },
  "S103_PegaTaskTracker_T03_Logout" : {
    "transaction" : "S103_PegaTaskTracker_T03_Logout",
    "sampleCount" : 455,
    "errorCount" : 0,
    "errorPct" : 0.0,
    "meanResTime" : 950.2835164835163,
    "minResTime" : 269.0,
    "maxResTime" : 45017.0,
    "pct1ResTime" : 386.80000000000007,
    "pct2ResTime" : 530.1999999999996,
    "pct3ResTime" : 33976.52,
    "throughput" : 0.2230654586814135,
    "receivedKBytesPerSec" : 2.386073644999902,
    "sentKBytesPerSec" : 1.065204592084363
  },
  "11 /prweb/beEBp4uRVTogorRwSwWqbOtn9IL2fwdI*/!STANDARD" : {
    "transaction" : "11 /prweb/beEBp4uRVTogorRwSwWqbOtn9IL2fwdI*/!STANDARD",
    "sampleCount" : 467,
    "errorCount" : 0,
    "errorPct" : 0.0,
    "meanResTime" : 734.0042826552464,
    "minResTime" : 604.0,
    "maxResTime" : 2000.0,
    "pct1ResTime" : 783.0,
    "pct2ResTime" : 845.0,
    "pct3ResTime" : 1786.84,
    "throughput" : 0.22541253631579378,
    "receivedKBytesPerSec" : 4.6923439787460595,
    "sentKBytesPerSec" : 0.5576425250101725
  }
}