{
  "366 /prweb/p_loginURL%5B*/!TABTHREAD0?pzTransactionId=&pzFromFrame=&pzPrimaryPageName=pyDisplayHarness&AJAXTrackID=1" : {
    "transaction" : "366 /prweb/p_loginURL%5B*/!TABTHREAD0?pzTransactionId=&pzFromFrame=&pzPrimaryPageName=pyDisplayHarness&AJAXTrackID=1",
    "sampleCount" : 223,
    "errorCount" : 0,
    "errorPct" : 0.0,
    "meanResTime" : 289.61434977578483,
    "minResTime" : 48.0,
    "maxResTime" : 18916.0,
    "pct1ResTime" : 136.1999999999999,
    "pct2ResTime" : 232.39999999999944,
    "pct3ResTime" : 12871.319999999976,
    "throughput" : 0.11259384924541925,
    "receivedKBytesPerSec" : 0.41431017964525363,
    "sentKBytesPerSec" : 0.2684542241942976
  },
  "111 /prweb/sJz4q7ugfgSxRrrdfjkitr-oF3eqH0KG*/!STANDARD" : {
    "transaction" : "111 /prweb/sJz4q7ugfgSxRrrdfjkitr-oF3eqH0KG*/!STANDARD",
    "sampleCount" : 127,
    "errorCount" : 0,
    "errorPct" : 0.0,
    "meanResTime" : 1010.4251968503934,
    "minResTime" : 518.0,
    "maxResTime" : 22007.0,
    "pct1ResTime" : 1053.8000000000002,
    "pct2ResTime" : 1607.1999999999994,
    "pct3ResTime" : 19366.31999999999,
    "throughput" : 0.061265169159403284,
    "receivedKBytesPerSec" : 0.5831261839976343,
    "sentKBytesPerSec" : 0.13771990562631334
  },
  "357 /prweb/p_loginURL%5B*/!TABTHREAD0" : {
    "transaction" : "357 /prweb/p_loginURL%5B*/!TABTHREAD0",
    "sampleCount" : 229,
    "errorCount" : 1,
    "errorPct" : 0.4366812,
    "meanResTime" : 1713.7292576419213,
    "minResTime" : 0.0,
    "maxResTime" : 23474.0,
    "pct1ResTime" : 2481.0,
    "pct2ResTime" : 3252.0,
    "pct3ResTime" : 17195.299999999952,
    "throughput" : 0.11264717919657474,
    "receivedKBytesPerSec" : 4.385031736282869,
    "sentKBytesPerSec" : 0.11877970977118357
  },
  "356 /prweb/p_loginURL%5B*/!STANDARD" : {
    "transaction" : "356 /prweb/p_loginURL%5B*/!STANDARD",
    "sampleCount" : 237,
    "errorCount" : 0,
    "errorPct" : 0.0,
    "meanResTime" : 17.20675105485234,
    "minResTime" : 7.0,
    "maxResTime" : 241.0,
    "pct1ResTime" : 27.200000000000017,
    "pct2ResTime" : 33.0,
    "pct3ResTime" : 118.98000000000013,
    "throughput" : 0.11517075887325094,
    "receivedKBytesPerSec" : 0.29782248602157435,
    "sentKBytesPerSec" : 0.08677527843259887
  },
  "370 /prweb/wPnkzmKNqOMVOdYA78l0keYXaXjzZutNzmr9BRMsnFQ%5B*/!STANDARD" : {
    "transaction" : "370 /prweb/wPnkzmKNqOMVOdYA78l0keYXaXjzZutNzmr9BRMsnFQ%5B*/!STANDARD",
    "sampleCount" : 220,
    "errorCount" : 1,
    "errorPct" : 0.45454547,
    "meanResTime" : 356.8954545454546,
    "minResTime" : 0.0,
    "maxResTime" : 15821.0,
    "pct1ResTime" : 204.20000000000005,
    "pct2ResTime" : 251.0,
    "pct3ResTime" : 11777.829999999925,
    "throughput" : 0.11452791852275644,
    "receivedKBytesPerSec" : 0.6548263886900557,
    "sentKBytesPerSec" : 0.2587325382341044
  },
  "128 /prweb/wPnkzmKNqONNXZgna6AB2m5AdvZEjcNj*/!STANDARD?pzTransactionId=&pzFromFrame=&pzPrimaryPageName=pyDisplayHarness&AJAXTrackID=1" : {
    "transaction" : "128 /prweb/wPnkzmKNqONNXZgna6AB2m5AdvZEjcNj*/!STANDARD?pzTransactionId=&pzFromFrame=&pzPrimaryPageName=pyDisplayHarness&AJAXTrackID=1",
    "sampleCount" : 121,
    "errorCount" : 0,
    "errorPct" : 0.0,
    "meanResTime" : 49.198347107438025,
    "minResTime" : 23.0,
    "maxResTime" : 1030.0,
    "pct1ResTime" : 34.8,
    "pct2ResTime" : 100.29999999999994,
    "pct3ResTime" : 1029.56,
    "throughput" : 0.06023283725037596,
    "receivedKBytesPerSec" : 0.4059946210147391,
    "sentKBytesPerSec" : 0.11110679518495711
  },
  "S01_LoginManager_T01_HomePage" : {
    "transaction" : "S01_LoginManager_T01_HomePage",
    "sampleCount" : 239,
    "errorCount" : 0,
    "errorPct" : 0.0,
    "meanResTime" : 108.06276150627619,
    "minResTime" : 93.0,
    "maxResTime" : 1099.0,
    "pct1ResTime" : 107.0,
    "pct2ResTime" : 141.0,
    "pct3ResTime" : 374.1999999999982,
    "throughput" : 0.11471869679560441,
    "receivedKBytesPerSec" : 0.661776544718452,
    "sentKBytesPerSec" : 0.11733382333776689
  },
  "367 /prweb/wPnkzmKNqOMVOdYA78l0keYXaXjzZutNzmr9BRMsnFQ%5B*/!TABTHREAD0?pzTransactionId=&pzFromFrame=&pzPrimaryPageName=pyDisplayHarness&AJAXTrackID=1" : {
    "transaction" : "367 /prweb/wPnkzmKNqOMVOdYA78l0keYXaXjzZutNzmr9BRMsnFQ%5B*/!TABTHREAD0?pzTransactionId=&pzFromFrame=&pzPrimaryPageName=pyDisplayHarness&AJAXTrackID=1",
    "sampleCount" : 220,
    "errorCount" : 0,
    "errorPct" : 0.0,
    "meanResTime" : 325.20454545454544,
    "minResTime" : 14.0,
    "maxResTime" : 16347.0,
    "pct1ResTime" : 36.900000000000006,
    "pct2ResTime" : 98.29999999999961,
    "pct3ResTime" : 15559.169999999991,
    "throughput" : 0.11453292691497752,
    "receivedKBytesPerSec" : 0.321224492833883,
    "sentKBytesPerSec" : 0.25239492173366407
  },
  "204 /prweb/wPnkzmKNqONCZWEUa4Rn_g%5B%5B*/!STANDARD?pzTransactionId=&pzFromFrame=&pzPrimaryPageName=pyDisplayHarness&AJAXTrackID=1" : {
    "transaction" : "204 /prweb/wPnkzmKNqONCZWEUa4Rn_g%5B%5B*/!STANDARD?pzTransactionId=&pzFromFrame=&pzPrimaryPageName=pyDisplayHarness&AJAXTrackID=1",
    "sampleCount" : 220,
    "errorCount" : 0,
    "errorPct" : 0.0,
    "meanResTime" : 257.5136363636363,
    "minResTime" : 26.0,
    "maxResTime" : 18201.0,
    "pct1ResTime" : 64.9,
    "pct2ResTime" : 143.5999999999999,
    "pct3ResTime" : 10981.259999999971,
    "throughput" : 0.1143496907100752,
    "receivedKBytesPerSec" : 0.8328584193598184,
    "sentKBytesPerSec" : 0.21100634533580606
  },
  "S17_LoginAsJudge_T03_Logout" : {
    "transaction" : "S17_LoginAsJudge_T03_Logout",
    "sampleCount" : 120,
    "errorCount" : 2,
    "errorPct" : 1.6666666,
    "meanResTime" : 1338.066666666667,
    "minResTime" : 169.0,
    "maxResTime" : 36201.0,
    "pct1ResTime" : 368.20000000000005,
    "pct2ResTime" : 12618.049999999888,
    "pct3ResTime" : 33700.529999999904,
    "throughput" : 0.060626545029608486,
    "receivedKBytesPerSec" : 1.045683076598861,
    "sentKBytesPerSec" : 0.33138169538091405
  },
  "371 /prweb/sJz4q7ugfgSxRrrdfjkitr-oF3eqH0KG*/!STANDARD" : {
    "transaction" : "371 /prweb/sJz4q7ugfgSxRrrdfjkitr-oF3eqH0KG*/!STANDARD",
    "sampleCount" : 220,
    "errorCount" : 0,
    "errorPct" : 0.0,
    "meanResTime" : 112.09090909090902,
    "minResTime" : 93.0,
    "maxResTime" : 1100.0,
    "pct1ResTime" : 107.80000000000001,
    "pct2ResTime" : 166.5499999999999,
    "pct3ResTime" : 912.9799999999932,
    "throughput" : 0.11458918215617254,
    "receivedKBytesPerSec" : 0.6722073655973065,
    "sentKBytesPerSec" : 0.2668674625058987
  },
  "104 /prweb/" : {
    "transaction" : "104 /prweb/",
    "sampleCount" : 129,
    "errorCount" : 0,
    "errorPct" : 0.0,
    "meanResTime" : 257.44961240310096,
    "minResTime" : 92.0,
    "maxResTime" : 17814.0,
    "pct1ResTime" : 170.0,
    "pct2ResTime" : 219.0,
    "pct3ResTime" : 12799.19999999981,
    "throughput" : 0.061862878292699645,
    "receivedKBytesPerSec" : 0.3568608015103174,
    "sentKBytesPerSec" : 0.06342190749749312
  },
  "S02_LoginAsClerk_T02_Login" : {
    "transaction" : "S02_LoginAsClerk_T02_Login",
    "sampleCount" : 235,
    "errorCount" : 4,
    "errorPct" : 1.7021277,
    "meanResTime" : 4574.936170212766,
    "minResTime" : 419.0,
    "maxResTime" : 51011.0,
    "pct1ResTime" : 17275.0,
    "pct2ResTime" : 20157.59999999999,
    "pct3ResTime" : 48611.719999999994,
    "throughput" : 0.11255053399241649,
    "receivedKBytesPerSec" : 5.350897654865943,
    "sentKBytesPerSec" : 1.3159123690522432
  },
  "129 /prweb/PRPushServlet/!@7be12a6f7babe3503a1c92e0e5ce4d46!" : {
    "transaction" : "129 /prweb/PRPushServlet/!@7be12a6f7babe3503a1c92e0e5ce4d46!",
    "sampleCount" : 124,
    "errorCount" : 2,
    "errorPct" : 1.6129032,
    "meanResTime" : 138.41129032258067,
    "minResTime" : 0.0,
    "maxResTime" : 372.0,
    "pct1ResTime" : 206.5,
    "pct2ResTime" : 265.5,
    "pct3ResTime" : 358.25,
    "throughput" : 0.06080279300571743,
    "receivedKBytesPerSec" : 0.14464989053045532,
    "sentKBytesPerSec" : 0.051325341525365546
  },
  "155 /prweb/wPnkzmKNqONNXZgna6AB2m5AdvZEjcNj*/!TABTHREAD0?pyActivity=pzCancelFunctionalTestCase&pzTransactionId=&pzFromFrame=&pzPrimaryPageName=pyDisplayHarness&pzHarnessID=HID407EFB9677033BAFDD6B62C1E56FE252" : {
    "transaction" : "155 /prweb/wPnkzmKNqONNXZgna6AB2m5AdvZEjcNj*/!TABTHREAD0?pyActivity=pzCancelFunctionalTestCase&pzTransactionId=&pzFromFrame=&pzPrimaryPageName=pyDisplayHarness&pzHarnessID=HID407EFB9677033BAFDD6B62C1E56FE252",
    "sampleCount" : 120,
    "errorCount" : 0,
    "errorPct" : 0.0,
    "meanResTime" : 222.26666666666665,
    "minResTime" : 27.0,
    "maxResTime" : 15777.0,
    "pct1ResTime" : 65.50000000000003,
    "pct2ResTime" : 88.94999999999999,
    "pct3ResTime" : 13131.8399999999,
    "throughput" : 0.06175511113604188,
    "receivedKBytesPerSec" : 0.5428142596990262,
    "sentKBytesPerSec" : 0.07269593771019252
  },
  "158 /prweb/p_HomeRedirectURL*/!STANDARD" : {
    "transaction" : "158 /prweb/p_HomeRedirectURL*/!STANDARD",
    "sampleCount" : 235,
    "errorCount" : 0,
    "errorPct" : 0.0,
    "meanResTime" : 1185.5063829787237,
    "minResTime" : 69.0,
    "maxResTime" : 19550.0,
    "pct1ResTime" : 1410.6,
    "pct2ResTime" : 2048.7999999999906,
    "pct3ResTime" : 17868.119999999995,
    "throughput" : 0.11336561278455372,
    "receivedKBytesPerSec" : 1.3890853796529952,
    "sentKBytesPerSec" : 0.25484226064418686
  },
  "127 /prweb/wPnkzmKNqONNXZgna6AB2m5AdvZEjcNj*/!TABTHREAD0" : {
    "transaction" : "127 /prweb/wPnkzmKNqONNXZgna6AB2m5AdvZEjcNj*/!TABTHREAD0",
    "sampleCount" : 123,
    "errorCount" : 2,
    "errorPct" : 1.6260163,
    "meanResTime" : 147.21138211382117,
    "minResTime" : 0.0,
    "maxResTime" : 1180.0,
    "pct1ResTime" : 214.00000000000034,
    "pct2ResTime" : 372.7999999999998,
    "pct3ResTime" : 1127.4400000000012,
    "throughput" : 0.06073882109404938,
    "receivedKBytesPerSec" : 0.5119721486271545,
    "sentKBytesPerSec" : 0.061124129132461985
  },
  "205 /prweb/PRPushServlet/!@c8f591ea4464927e19ca43999e191501!" : {
    "transaction" : "205 /prweb/PRPushServlet/!@c8f591ea4464927e19ca43999e191501!",
    "sampleCount" : 226,
    "errorCount" : 4,
    "errorPct" : 1.7699115,
    "meanResTime" : 329.51327433628313,
    "minResTime" : 0.0,
    "maxResTime" : 18858.0,
    "pct1ResTime" : 220.80000000000018,
    "pct2ResTime" : 360.89999999999895,
    "pct3ResTime" : 12563.829999999953,
    "throughput" : 0.11087214185354674,
    "receivedKBytesPerSec" : 0.2636413667640641,
    "sentKBytesPerSec" : 0.09248479739342538
  },
  "203 /prweb/wPnkzmKNqONCZWEUa4Rn_g%5B%5B*/!TABTHREAD0" : {
    "transaction" : "203 /prweb/wPnkzmKNqONCZWEUa4Rn_g%5B%5B*/!TABTHREAD0",
    "sampleCount" : 226,
    "errorCount" : 4,
    "errorPct" : 1.7699115,
    "meanResTime" : 327.18141592920364,
    "minResTime" : 0.0,
    "maxResTime" : 18655.0,
    "pct1ResTime" : 265.50000000000006,
    "pct2ResTime" : 557.7999999999979,
    "pct3ResTime" : 12138.10999999995,
    "throughput" : 0.1116097884747584,
    "receivedKBytesPerSec" : 0.9955038130978038,
    "sentKBytesPerSec" : 0.10562669667867047
  },
  "S17_LoginAsJudge_T01_HomePage" : {
    "transaction" : "S17_LoginAsJudge_T01_HomePage",
    "sampleCount" : 129,
    "errorCount" : 0,
    "errorPct" : 0.0,
    "meanResTime" : 336.9844961240312,
    "minResTime" : 92.0,
    "maxResTime" : 17814.0,
    "pct1ResTime" : 170.0,
    "pct2ResTime" : 226.5,
    "pct3ResTime" : 14099.099999999858,
    "throughput" : 0.061421200884465295,
    "receivedKBytesPerSec" : 0.3543129511958565,
    "sentKBytesPerSec" : 0.0629690992140467
  },
  "146 /prweb/wPnkzmKNqONNXZgna6AB2m5AdvZEjcNj*/!TABTHREAD0?pzTransactionId=&pzFromFrame=&pzPrimaryPageName=pyDisplayHarness&AJAXTrackID=1" : {
    "transaction" : "146 /prweb/wPnkzmKNqONNXZgna6AB2m5AdvZEjcNj*/!TABTHREAD0?pzTransactionId=&pzFromFrame=&pzPrimaryPageName=pyDisplayHarness&AJAXTrackID=1",
    "sampleCount" : 120,
    "errorCount" : 0,
    "errorPct" : 0.0,
    "meanResTime" : 224.79166666666666,
    "minResTime" : 54.0,
    "maxResTime" : 17822.0,
    "pct1ResTime" : 114.10000000000005,
    "pct2ResTime" : 198.74999999999994,
    "pct3ResTime" : 14138.17999999986,
    "throughput" : 0.061754125947539866,
    "receivedKBytesPerSec" : 0.32792858087088755,
    "sentKBytesPerSec" : 0.14083337997056386
  },
  "243 /prweb/wPnkzmKNqONCZWEUa4Rn_g%5B%5B*/!TABTHREAD0?pyActivity=pzCancelFunctionalTestCase&pzTransactionId=&pzFromFrame=&pzPrimaryPageName=pyDisplayHarness&pzHarnessID=HIDF02D58DBC70AE17CC8B4D4F02D81E406" : {
    "transaction" : "243 /prweb/wPnkzmKNqONCZWEUa4Rn_g%5B%5B*/!TABTHREAD0?pyActivity=pzCancelFunctionalTestCase&pzTransactionId=&pzFromFrame=&pzPrimaryPageName=pyDisplayHarness&pzHarnessID=HIDF02D58DBC70AE17CC8B4D4F02D81E406",
    "sampleCount" : 220,
    "errorCount" : 0,
    "errorPct" : 0.0,
    "meanResTime" : 51.50909090909091,
    "minResTime" : 28.0,
    "maxResTime" : 1038.0,
    "pct1ResTime" : 47.0,
    "pct2ResTime" : 51.94999999999999,
    "pct3ResTime" : 905.7399999999968,
    "throughput" : 0.1143495124032837,
    "receivedKBytesPerSec" : 1.0618454708627048,
    "sentKBytesPerSec" : 0.1304096090494125
  },
  "143 /prweb/wPnkzmKNqONNXZgna6AB2m5AdvZEjcNj*/!TABTHREAD0?pzTransactionId=&pzFromFrame=&pzPrimaryPageName=pyDisplayHarness&AJAXTrackID=1" : {
    "transaction" : "143 /prweb/wPnkzmKNqONNXZgna6AB2m5AdvZEjcNj*/!TABTHREAD0?pzTransactionId=&pzFromFrame=&pzPrimaryPageName=pyDisplayHarness&AJAXTrackID=1",
    "sampleCount" : 120,
    "errorCount" : 0,
    "errorPct" : 0.0,
    "meanResTime" : 172.88333333333335,
    "minResTime" : 103.0,
    "maxResTime" : 1147.0,
    "pct1ResTime" : 235.80000000000007,
    "pct2ResTime" : 269.95,
    "pct3ResTime" : 984.6699999999938,
    "throughput" : 0.06175136123156915,
    "receivedKBytesPerSec" : 0.48562963006560567,
    "sentKBytesPerSec" : 0.13503788478173723
  },
  "126 /prweb/wPnkzmKNqONNXZgna6AB2m5AdvZEjcNj*/!STANDARD" : {
    "transaction" : "126 /prweb/wPnkzmKNqONNXZgna6AB2m5AdvZEjcNj*/!STANDARD",
    "sampleCount" : 126,
    "errorCount" : 0,
    "errorPct" : 0.0,
    "meanResTime" : 141.88888888888886,
    "minResTime" : 8.0,
    "maxResTime" : 16158.0,
    "pct1ResTime" : 16.0,
    "pct2ResTime" : 48.39999999999969,
    "pct3ResTime" : 11817.750000000064,
    "throughput" : 0.06134073316781072,
    "receivedKBytesPerSec" : 0.1546097971739448,
    "sentKBytesPerSec" : 0.04433777262548075
  },
  "154 /prweb/wPnkzmKNqONNXZgna6AB2m5AdvZEjcNj*/!TABTHREAD0?pzTransactionId=&pzFromFrame=&pzPrimaryPageName=pyDisplayHarness&AJAXTrackID=1" : {
    "transaction" : "154 /prweb/wPnkzmKNqONNXZgna6AB2m5AdvZEjcNj*/!TABTHREAD0?pzTransactionId=&pzFromFrame=&pzPrimaryPageName=pyDisplayHarness&AJAXTrackID=1",
    "sampleCount" : 120,
    "errorCount" : 0,
    "errorPct" : 0.0,
    "meanResTime" : 323.6583333333333,
    "minResTime" : 15.0,
    "maxResTime" : 20896.0,
    "pct1ResTime" : 28.80000000000001,
    "pct2ResTime" : 94.89999999999998,
    "pct3ResTime" : 19107.009999999933,
    "throughput" : 0.061755651414050025,
    "receivedKBytesPerSec" : 0.1726575036075593,
    "sentKBytesPerSec" : 0.13046785985018078
  },
  "363 /prweb/p_loginURL%5B*/!TABTHREAD0?pzTransactionId=&pzFromFrame=&pzPrimaryPageName=pyDisplayHarness&AJAXTrackID=1" : {
    "transaction" : "363 /prweb/p_loginURL%5B*/!TABTHREAD0?pzTransactionId=&pzFromFrame=&pzPrimaryPageName=pyDisplayHarness&AJAXTrackID=1",
    "sampleCount" : 224,
    "errorCount" : 0,
    "errorPct" : 0.0,
    "meanResTime" : 591.7946428571427,
    "minResTime" : 179.0,
    "maxResTime" : 13259.0,
    "pct1ResTime" : 789.0,
    "pct2ResTime" : 1140.0,
    "pct3ResTime" : 11361.0,
    "throughput" : 0.11218639769977817,
    "receivedKBytesPerSec" : 1.1354431794676856,
    "sentKBytesPerSec" : 0.3813557906148566
  },
  "332 /prweb/" : {
    "transaction" : "332 /prweb/",
    "sampleCount" : 239,
    "errorCount" : 0,
    "errorPct" : 0.0,
    "meanResTime" : 108.06276150627619,
    "minResTime" : 93.0,
    "maxResTime" : 1099.0,
    "pct1ResTime" : 107.0,
    "pct2ResTime" : 141.0,
    "pct3ResTime" : 374.1999999999982,
    "throughput" : 0.11472161528034314,
    "receivedKBytesPerSec" : 0.6617933805507982,
    "sentKBytesPerSec" : 0.1173368083522616
  },
  "S02_LoginAsClerk_T03_Logout" : {
    "transaction" : "S02_LoginAsClerk_T03_Logout",
    "sampleCount" : 220,
    "errorCount" : 4,
    "errorPct" : 1.8181819,
    "meanResTime" : 907.1545454545452,
    "minResTime" : 169.0,
    "maxResTime" : 41213.0,
    "pct1ResTime" : 448.5000000000001,
    "pct2ResTime" : 639.1499999999996,
    "pct3ResTime" : 36373.80999999984,
    "throughput" : 0.11199240080654892,
    "receivedKBytesPerSec" : 1.983164296924434,
    "sentKBytesPerSec" : 0.6039640609068126
  },
  "364 /prweb/p_loginURL%5B*/!TABTHREAD0?pzTransactionId=&pzFromFrame=&pzPrimaryPageName=pyDisplayHarness&AJAXTrackID=1" : {
    "transaction" : "364 /prweb/p_loginURL%5B*/!TABTHREAD0?pzTransactionId=&pzFromFrame=&pzPrimaryPageName=pyDisplayHarness&AJAXTrackID=1",
    "sampleCount" : 224,
    "errorCount" : 0,
    "errorPct" : 0.0,
    "meanResTime" : 1458.0178571428573,
    "minResTime" : 105.0,
    "maxResTime" : 24103.0,
    "pct1ResTime" : 2056.5,
    "pct2ResTime" : 2553.25,
    "pct3ResTime" : 14947.25,
    "throughput" : 0.11202649426589388,
    "receivedKBytesPerSec" : 3.2935660377429263,
    "sentKBytesPerSec" : 0.40750506635444284
  },
  "244 /prweb/wPnkzmKNqONCZWEUa4Rn_g%5B%5B*/!STANDARD" : {
    "transaction" : "244 /prweb/wPnkzmKNqONCZWEUa4Rn_g%5B%5B*/!STANDARD",
    "sampleCount" : 220,
    "errorCount" : 4,
    "errorPct" : 1.8181819,
    "meanResTime" : 469.8318181818182,
    "minResTime" : 0.0,
    "maxResTime" : 20630.0,
    "pct1ResTime" : 341.5000000000002,
    "pct2ResTime" : 474.5999999999997,
    "pct3ResTime" : 18389.81999999999,
    "throughput" : 0.11462189882637595,
    "receivedKBytesPerSec" : 0.6479597106630668,
    "sentKBytesPerSec" : 0.23606168403535774
  },
  "345 /prweb/p_HomeRedirectURL*/!STANDARD" : {
    "transaction" : "345 /prweb/p_HomeRedirectURL*/!STANDARD",
    "sampleCount" : 239,
    "errorCount" : 0,
    "errorPct" : 0.0,
    "meanResTime" : 1102.2343096234304,
    "minResTime" : 536.0,
    "maxResTime" : 22946.0,
    "pct1ResTime" : 923.0,
    "pct2ResTime" : 1155.0,
    "pct3ResTime" : 22023.6,
    "throughput" : 0.11502445593191707,
    "receivedKBytesPerSec" : 1.4318682647225287,
    "sentKBytesPerSec" : 0.2618256773989939
  },
  "229 /prweb/wPnkzmKNqONCZWEUa4Rn_g%5B%5B*/!TABTHREAD0?pzTransactionId=&pzFromFrame=&pzPrimaryPageName=pyDisplayHarness&AJAXTrackID=1" : {
    "transaction" : "229 /prweb/wPnkzmKNqONCZWEUa4Rn_g%5B%5B*/!TABTHREAD0?pzTransactionId=&pzFromFrame=&pzPrimaryPageName=pyDisplayHarness&AJAXTrackID=1",
    "sampleCount" : 220,
    "errorCount" : 0,
    "errorPct" : 0.0,
    "meanResTime" : 288.37727272727255,
    "minResTime" : 48.0,
    "maxResTime" : 18800.0,
    "pct1ResTime" : 134.70000000000013,
    "pct2ResTime" : 184.95,
    "pct3ResTime" : 12490.24999999996,
    "throughput" : 0.1143472538987216,
    "receivedKBytesPerSec" : 0.6604416795870401,
    "sentKBytesPerSec" : 0.2584604258122813
  },
  "S01_LoginManager_T02_Login" : {
    "transaction" : "S01_LoginManager_T02_Login",
    "sampleCount" : 239,
    "errorCount" : 1,
    "errorPct" : 0.41841003,
    "meanResTime" : 9040.468619246863,
    "minResTime" : 2377.0,
    "maxResTime" : 96537.0,
    "pct1ResTime" : 23709.0,
    "pct2ResTime" : 39022.0,
    "pct3ResTime" : 95489.0,
    "throughput" : 0.11414903565557367,
    "receivedKBytesPerSec" : 11.424068193571213,
    "sentKBytesPerSec" : 1.6799949247858155
  },
  "228 /prweb/wPnkzmKNqONCZWEUa4Rn_g%5B%5B*/!TABTHREAD0" : {
    "transaction" : "228 /prweb/wPnkzmKNqONCZWEUa4Rn_g%5B%5B*/!TABTHREAD0",
    "sampleCount" : 220,
    "errorCount" : 0,
    "errorPct" : 0.0,
    "meanResTime" : 217.24999999999983,
    "minResTime" : 7.0,
    "maxResTime" : 17208.0,
    "pct1ResTime" : 20.900000000000006,
    "pct2ResTime" : 50.499999999999886,
    "pct3ResTime" : 12038.039999999957,
    "throughput" : 0.11435117662162962,
    "receivedKBytesPerSec" : 0.28993972296088466,
    "sentKBytesPerSec" : 0.11574909539123177
  },
  "Total" : {
    "transaction" : "Total",
    "sampleCount" : 6829,
    "errorCount" : 20,
    "errorPct" : 0.29286864,
    "meanResTime" : 668.16298140284,
    "minResTime" : 0.0,
    "maxResTime" : 96537.0,
    "pct1ResTime" : 834.0,
    "pct2ResTime" : 1369.0,
    "pct3ResTime" : 16290.299999999967,
    "throughput" : 3.261407883256021,
    "receivedKBytesPerSec" : 26.634670764330686,
    "sentKBytesPerSec" : 5.916844352066809
  },
  "146 /prweb/" : {
    "transaction" : "146 /prweb/",
    "sampleCount" : 238,
    "errorCount" : 0,
    "errorPct" : 0.0,
    "meanResTime" : 105.55462184873949,
    "minResTime" : 71.0,
    "maxResTime" : 513.0,
    "pct1ResTime" : 107.29999999999998,
    "pct2ResTime" : 144.2999999999999,
    "pct3ResTime" : 383.2999999999966,
    "throughput" : 0.11411978165721103,
    "receivedKBytesPerSec" : 0.6619188020072135,
    "sentKBytesPerSec" : 0.11691433776003009
  },
  "358 /prweb/p_loginURL%5B*/!STANDARD?pzTransactionId=&pzFromFrame=&pzPrimaryPageName=pyDisplayHarness&AJAXTrackID=1" : {
    "transaction" : "358 /prweb/p_loginURL%5B*/!STANDARD?pzTransactionId=&pzFromFrame=&pzPrimaryPageName=pyDisplayHarness&AJAXTrackID=1",
    "sampleCount" : 237,
    "errorCount" : 0,
    "errorPct" : 0.0,
    "meanResTime" : 159.97046413502116,
    "minResTime" : 25.0,
    "maxResTime" : 17158.0,
    "pct1ResTime" : 48.400000000000034,
    "pct2ResTime" : 84.89999999999995,
    "pct3ResTime" : 7028.260000000044,
    "throughput" : 0.11593930650683675,
    "receivedKBytesPerSec" : 0.8529565845515521,
    "sentKBytesPerSec" : 0.2179274676421712
  },
  "S02_LoginAsClerk_T01_HomePage" : {
    "transaction" : "S02_LoginAsClerk_T01_HomePage",
    "sampleCount" : 238,
    "errorCount" : 0,
    "errorPct" : 0.0,
    "meanResTime" : 220.82773109243698,
    "minResTime" : 71.0,
    "maxResTime" : 10486.0,
    "pct1ResTime" : 107.29999999999998,
    "pct2ResTime" : 144.2999999999999,
    "pct3ResTime" : 9374.19999999996,
    "throughput" : 0.11330549255516263,
    "receivedKBytesPerSec" : 0.6571957534779549,
    "sentKBytesPerSec" : 0.116080108411457
  },
  "202 /prweb/wPnkzmKNqONCZWEUa4Rn_g%5B%5B*/!STANDARD" : {
    "transaction" : "202 /prweb/wPnkzmKNqONCZWEUa4Rn_g%5B%5B*/!STANDARD",
    "sampleCount" : 232,
    "errorCount" : 0,
    "errorPct" : 0.0,
    "meanResTime" : 194.87068965517236,
    "minResTime" : 7.0,
    "maxResTime" : 18452.0,
    "pct1ResTime" : 22.700000000000017,
    "pct2ResTime" : 53.89999999999992,
    "pct3ResTime" : 11953.279999999933,
    "throughput" : 0.11293544035816112,
    "receivedKBytesPerSec" : 0.28619251899457276,
    "sentKBytesPerSec" : 0.0820370667684546
  },
  "156 /prweb/wPnkzmKNqONNXZgna6AB2m5AdvZEjcNj*/!STANDARD" : {
    "transaction" : "156 /prweb/wPnkzmKNqONNXZgna6AB2m5AdvZEjcNj*/!STANDARD",
    "sampleCount" : 120,
    "errorCount" : 2,
    "errorPct" : 1.6666666,
    "meanResTime" : 497.5583333333333,
    "minResTime" : 0.0,
    "maxResTime" : 22930.0,
    "pct1ResTime" : 268.0000000000001,
    "pct2ResTime" : 391.54999999999967,
    "pct3ResTime" : 20853.729999999923,
    "throughput" : 0.06203916532506972,
    "receivedKBytesPerSec" : 0.35128667613280934,
    "sentKBytesPerSec" : 0.13500586722481236
  },
  "S17_LoginAsJudge_T02_Login" : {
    "transaction" : "S17_LoginAsJudge_T02_Login",
    "sampleCount" : 127,
    "errorCount" : 2,
    "errorPct" : 1.5748031,
    "meanResTime" : 3869.779527559056,
    "minResTime" : 976.0,
    "maxResTime" : 68845.0,
    "pct1ResTime" : 2899.8000000000047,
    "pct2ResTime" : 21359.599999999995,
    "pct3ResTime" : 65149.83999999998,
    "throughput" : 0.060824686968382655,
    "receivedKBytesPerSec" : 2.5166490181782004,
    "sentKBytesPerSec" : 0.653407965004732
  },
  "S01_LoginManager_T03_Logout" : {
    "transaction" : "S01_LoginManager_T03_Logout",
    "sampleCount" : 220,
    "errorCount" : 1,
    "errorPct" : 0.45454547,
    "meanResTime" : 1181.0409090909084,
    "minResTime" : 345.0,
    "maxResTime" : 59424.0,
    "pct1ResTime" : 507.30000000000007,
    "pct2ResTime" : 1441.6499999999996,
    "pct3ResTime" : 19859.549999999996,
    "throughput" : 0.11109708370155283,
    "receivedKBytesPerSec" : 2.2778482435929805,
    "sentKBytesPerSec" : 1.0358658944577706
  },
  "369 /prweb/wPnkzmKNqOMVOdYA78l0keYXaXjzZutNzmr9BRMsnFQ%5B*/!TABTHREAD0?pyActivity=pzCancelFunctionalTestCase&pzTransactionId=&pzFromFrame=&pzPrimaryPageName=pyDisplayHarness&pzHarnessID=HID77A99FCD2DB2663A2907DAEC93922BFF" : {
    "transaction" : "369 /prweb/wPnkzmKNqOMVOdYA78l0keYXaXjzZutNzmr9BRMsnFQ%5B*/!TABTHREAD0?pyActivity=pzCancelFunctionalTestCase&pzTransactionId=&pzFromFrame=&pzPrimaryPageName=pyDisplayHarness&pzHarnessID=HID77A99FCD2DB2663A2907DAEC93922BFF",
    "sampleCount" : 220,
    "errorCount" : 0,
    "errorPct" : 0.0,
    "meanResTime" : 118.94090909090907,
    "minResTime" : 94.0,
    "maxResTime" : 1136.0,
    "pct1ResTime" : 116.0,
    "pct2ResTime" : 147.79999999999995,
    "pct3ResTime" : 266.73999999999995,
    "throughput" : 0.11453215177800755,
    "receivedKBytesPerSec" : 0.7003324856977976,
    "sentKBytesPerSec" : 0.2900244073872197
  },
  "240 /prweb/wPnkzmKNqONCZWEUa4Rn_g%5B%5B*/!TABTHREAD0?pzTransactionId=&pzFromFrame=&pzPrimaryPageName=pyDisplayHarness&AJAXTrackID=1" : {
    "transaction" : "240 /prweb/wPnkzmKNqONCZWEUa4Rn_g%5B%5B*/!TABTHREAD0?pzTransactionId=&pzFromFrame=&pzPrimaryPageName=pyDisplayHarness&AJAXTrackID=1",
    "sampleCount" : 220,
    "errorCount" : 0,
    "errorPct" : 0.0,
    "meanResTime" : 134.44545454545445,
    "minResTime" : 35.0,
    "maxResTime" : 4289.0,
    "pct1ResTime" : 109.9,
    "pct2ResTime" : 179.84999999999997,
    "pct3ResTime" : 3332.849999999996,
    "throughput" : 0.11434737276515856,
    "receivedKBytesPerSec" : 0.8944875007601502,
    "sentKBytesPerSec" : 0.27154354042595436
  },
  "242 /prweb/wPnkzmKNqONCZWEUa4Rn_g%5B%5B*/!TABTHREAD0?pzTransactionId=&pzFromFrame=&pzPrimaryPageName=pyDisplayHarness&AJAXTrackID=1" : {
    "transaction" : "242 /prweb/wPnkzmKNqONCZWEUa4Rn_g%5B%5B*/!TABTHREAD0?pzTransactionId=&pzFromFrame=&pzPrimaryPageName=pyDisplayHarness&AJAXTrackID=1",
    "sampleCount" : 220,
    "errorCount" : 0,
    "errorPct" : 0.0,
    "meanResTime" : 20.87727272727272,
    "minResTime" : 15.0,
    "maxResTime" : 123.0,
    "pct1ResTime" : 22.0,
    "pct2ResTime" : 27.899999999999977,
    "pct3ResTime" : 105.10999999999993,
    "throughput" : 0.11435093887318584,
    "receivedKBytesPerSec" : 0.31664266325675633,
    "sentKBytesPerSec" : 0.2507685430767783
  }
}